Country/area,Technology,2019,2020,2021,2022,2023
Afghanistan,Concentrated solar power,,,,,
Afghanistan,Marine energy,,,,,
Afghanistan,Nuclear,,,,,
Afghanistan,Offgrid solar photovoltaic,,17.68,,,
Afghanistan,Offshore wind energy,,,,,
Afghanistan,Ongrid solar photovoltaic,4.24,,,,21.57
Afghanistan,Onshore wind energy,,,,,
Afghanistan,Pumped storage,,,,,
Afghanistan,Renewable hydropower,0.02,,,,
Afghanistan,Solar thermal energy,,,,,
Albania,Concentrated solar power,,,,,
Albania,Marine energy,,,,,
Albania,Nuclear,,,,,
Albania,Offgrid solar photovoltaic,,,,,
Albania,Offshore wind energy,,,,,
Albania,Ongrid solar photovoltaic,,,10.34,,61.71
Albania,Onshore wind energy,,,,,
Albania,Pumped storage,,,,,
Albania,Renewable hydropower,,,95.2,2.1,
Albania,Solar thermal energy,,,,,
Algeria,Concentrated solar power,,,,,
Algeria,Marine energy,,,,,
Algeria,Nuclear,0.03,0.12,,,
Algeria,Offgrid solar photovoltaic,,0,0,,
Algeria,Offshore wind energy,,,,,
Algeria,Ongrid solar photovoltaic,0.04,,,,0.03
Algeria,Onshore wind energy,,,0.09,,
Algeria,Pumped storage,,,,,
Algeria,Renewable hydropower,,,,,
Algeria,Solar thermal energy,,,,,
Angola,Concentrated solar power,,,,,
Angola,Marine energy,,,,,
Angola,Nuclear,,,,,
Angola,Offgrid solar photovoltaic,,,,40,59.89
Angola,Offshore wind energy,,,,,
Angola,Ongrid solar photovoltaic,0.06,0.03,,,
Angola,Onshore wind energy,,,,,
Angola,Pumped storage,,,,,
Angola,Renewable hydropower,,,,40,
Angola,Solar thermal energy,,,,,
Anguilla,Concentrated solar power,,,,,
Anguilla,Marine energy,,,,,
Anguilla,Nuclear,,,,,
Anguilla,Offgrid solar photovoltaic,,,,,
Anguilla,Offshore wind energy,,,,,
Anguilla,Ongrid solar photovoltaic,,,,,
Anguilla,Onshore wind energy,,,,,
Anguilla,Pumped storage,,,,,
Anguilla,Renewable hydropower,,,,,
Anguilla,Solar thermal energy,,,,,
Antigua and Barbuda,Concentrated solar power,,,,,
Antigua and Barbuda,Marine energy,,,,,
Antigua and Barbuda,Nuclear,,,,,
Antigua and Barbuda,Offgrid solar photovoltaic,,,,,
Antigua and Barbuda,Offshore wind energy,,,,,
Antigua and Barbuda,Ongrid solar photovoltaic,,6.72,,,
Antigua and Barbuda,Onshore wind energy,,,,,
Antigua and Barbuda,Pumped storage,,,,,
Antigua and Barbuda,Renewable hydropower,,,,,
Antigua and Barbuda,Solar thermal energy,,,,,
Argentina,Concentrated solar power,,,,,
Argentina,Marine energy,,,,,
Argentina,Nuclear,0.06,,,,
Argentina,Offgrid solar photovoltaic,1.42,0.01,,0.01,182.73
Argentina,Offshore wind energy,,,,,
Argentina,Ongrid solar photovoltaic,96.38,,0.86,,12.23
Argentina,Onshore wind energy,416.57,2.7,1.77,10.37,90.85
Argentina,Pumped storage,,,,,
Argentina,Renewable hydropower,,,,,
Argentina,Solar thermal energy,,,,,26.51
Armenia,Concentrated solar power,,,,,
Armenia,Marine energy,,,,,
Armenia,Nuclear,1.5,1.84,0.12,2.21,0.26
Armenia,Offgrid solar photovoltaic,,,0.01,0.02,
Armenia,Offshore wind energy,,,,,
Armenia,Ongrid solar photovoltaic,0.03,10.01,0.1,0.99,0.99
Armenia,Onshore wind energy,,,,,
Armenia,Pumped storage,,,,,
Armenia,Renewable hydropower,,,,,
Armenia,Solar thermal energy,0.01,,0.03,,
Australia,Concentrated solar power,,,,,
Australia,Marine energy,,,,,
Australia,Nuclear,,,,,
Australia,Offgrid solar photovoltaic,,,,,
Australia,Offshore wind energy,,,,,
Australia,Ongrid solar photovoltaic,,,30.26,,1.36
Australia,Onshore wind energy,,,,,
Australia,Pumped storage,,,,,
Australia,Renewable hydropower,,,,,
Australia,Solar thermal energy,,,,,
Austria,Concentrated solar power,,,,,
Austria,Marine energy,,,,,
Austria,Nuclear,,,,,
Austria,Offgrid solar photovoltaic,,,,,
Austria,Offshore wind energy,,,,,
Austria,Ongrid solar photovoltaic,,,,,
Austria,Onshore wind energy,,192.15,,2.78,
Austria,Pumped storage,,,,,
Austria,Renewable hydropower,,,,,
Austria,Solar thermal energy,,,,,
Azerbaijan,Concentrated solar power,,,,,
Azerbaijan,Marine energy,,,,,
Azerbaijan,Nuclear,,,,,
Azerbaijan,Offgrid solar photovoltaic,,,,80.6,
Azerbaijan,Offshore wind energy,,,,,
Azerbaijan,Ongrid solar photovoltaic,,,,64.56,
Azerbaijan,Onshore wind energy,,,,0,201.9
Azerbaijan,Pumped storage,,,,,
Azerbaijan,Renewable hydropower,,,,,
Azerbaijan,Solar thermal energy,,,,,
Bahamas (the),Concentrated solar power,,,,,
Bahamas (the),Marine energy,,,,,
Bahamas (the),Nuclear,,,,,
Bahamas (the),Offgrid solar photovoltaic,,,2.19,,
Bahamas (the),Offshore wind energy,,,,,
Bahamas (the),Ongrid solar photovoltaic,,,,,
Bahamas (the),Onshore wind energy,,,,,
Bahamas (the),Pumped storage,,,,,
Bahamas (the),Renewable hydropower,,,,,
Bahamas (the),Solar thermal energy,,,,,
Bangladesh,Concentrated solar power,,,,,
Bangladesh,Marine energy,,,,,
Bangladesh,Nuclear,0.01,,,,
Bangladesh,Offgrid solar photovoltaic,2.88,,310.38,,0.03
Bangladesh,Offshore wind energy,,,,,
Bangladesh,Ongrid solar photovoltaic,142.02,21.3,3.5,0.56,47.98
Bangladesh,Onshore wind energy,,0.1,,,
Bangladesh,Pumped storage,,,,,
Bangladesh,Renewable hydropower,0,,,,
Bangladesh,Solar thermal energy,,,,,
Barbados,Concentrated solar power,,,,,
Barbados,Marine energy,,,,,
Barbados,Nuclear,,,,,
Barbados,Offgrid solar photovoltaic,,,,,
Barbados,Offshore wind energy,,,,,
Barbados,Ongrid solar photovoltaic,,,,,
Barbados,Onshore wind energy,,,,,
Barbados,Pumped storage,,,,,
Barbados,Renewable hydropower,,,,,
Barbados,Solar thermal energy,,,,,
Belarus,Concentrated solar power,,,,,
Belarus,Marine energy,,,,,
Belarus,Nuclear,0.16,0.05,,,
Belarus,Offgrid solar photovoltaic,,0.22,,,
Belarus,Offshore wind energy,,,,,
Belarus,Ongrid solar photovoltaic,,,,,
Belarus,Onshore wind energy,,,,,
Belarus,Pumped storage,,,,,
Belarus,Renewable hydropower,,,,,
Belarus,Solar thermal energy,,,,,
Belgium,Concentrated solar power,,,,,
Belgium,Marine energy,,,,,
Belgium,Nuclear,,,,,
Belgium,Offgrid solar photovoltaic,,,,,
Belgium,Offshore wind energy,,,,,
Belgium,Ongrid solar photovoltaic,,,,55.81,
Belgium,Onshore wind energy,,,,,
Belgium,Pumped storage,,,,,
Belgium,Renewable hydropower,,,,,
Belgium,Solar thermal energy,,,,,
Belize,Concentrated solar power,,,,,
Belize,Marine energy,,,,,
Belize,Nuclear,,,,,
Belize,Offgrid solar photovoltaic,,,,,
Belize,Offshore wind energy,,,,,
Belize,Ongrid solar photovoltaic,,0.02,2.91,,73.79
Belize,Onshore wind energy,,,,,
Belize,Pumped storage,,,,,
Belize,Renewable hydropower,,,,,
Belize,Solar thermal energy,,,,,
Benin,Concentrated solar power,,,,,
Benin,Marine energy,,,,,
Benin,Nuclear,,,,,
Benin,Offgrid solar photovoltaic,0,0.02,26.11,39.27,3.68
Benin,Offshore wind energy,,,,,
Benin,Ongrid solar photovoltaic,,,0.52,20.37,15.63
Benin,Onshore wind energy,,,,,
Benin,Pumped storage,,,,,
Benin,Renewable hydropower,,,,,
Benin,Solar thermal energy,,,,,
Bhutan,Concentrated solar power,,,,,
Bhutan,Marine energy,,,,,
Bhutan,Nuclear,,,,,
Bhutan,Offgrid solar photovoltaic,,,,,
Bhutan,Offshore wind energy,,,,,
Bhutan,Ongrid solar photovoltaic,,0.51,0.39,19.26,
Bhutan,Onshore wind energy,,0.26,0.39,,
Bhutan,Pumped storage,,,,,
Bhutan,Renewable hydropower,0.7,,,,11.63
Bhutan,Solar thermal energy,,,,,
Bolivia (Plurinational State of),Concentrated solar power,,,,,
Bolivia (Plurinational State of),Marine energy,,,,,
Bolivia (Plurinational State of),Nuclear,,,,,
Bolivia (Plurinational State of),Offgrid solar photovoltaic,0,,,0.13,219.21
Bolivia (Plurinational State of),Offshore wind energy,,,,,
Bolivia (Plurinational State of),Ongrid solar photovoltaic,0.01,0.05,0.02,,14.85
Bolivia (Plurinational State of),Onshore wind energy,0.22,,,,
Bolivia (Plurinational State of),Pumped storage,,,,,
Bolivia (Plurinational State of),Renewable hydropower,,0.01,,,
Bolivia (Plurinational State of),Solar thermal energy,,,0,0,
Bosnia and Herzegovina,Concentrated solar power,,,,,
Bosnia and Herzegovina,Marine energy,,,,,
Bosnia and Herzegovina,Nuclear,,,,,
Bosnia and Herzegovina,Offgrid solar photovoltaic,,,,0.12,0.01
Bosnia and Herzegovina,Offshore wind energy,,,,,
Bosnia and Herzegovina,Ongrid solar photovoltaic,0.5,0.03,0.03,0.02,
Bosnia and Herzegovina,Onshore wind energy,,,,,35.83
Bosnia and Herzegovina,Pumped storage,,,,,
Bosnia and Herzegovina,Renewable hydropower,17.45,,228.91,407.27,
Bosnia and Herzegovina,Solar thermal energy,,,0.03,0.01,0.01
Botswana,Concentrated solar power,,,,,
Botswana,Marine energy,,,,,
Botswana,Nuclear,,,,,
Botswana,Offgrid solar photovoltaic,,,,,57.5
Botswana,Offshore wind energy,,,,,
Botswana,Ongrid solar photovoltaic,,,40.41,1.45,16.77
Botswana,Onshore wind energy,,,,,
Botswana,Pumped storage,,,,,
Botswana,Renewable hydropower,,,,,
Botswana,Solar thermal energy,,,,,
Brazil,Concentrated solar power,,,,,
Brazil,Marine energy,,,,,
Brazil,Nuclear,0.21,0.28,,,
Brazil,Offgrid solar photovoltaic,0.2,1.65,75.85,11.19,37.41
Brazil,Offshore wind energy,,,,,
Brazil,Ongrid solar photovoltaic,3.8,475.04,689.88,1610.1,489.88
Brazil,Onshore wind energy,1178.53,605.07,1203.64,768.15,14.8
Brazil,Pumped storage,,,,,
Brazil,Renewable hydropower,71.22,52.73,,2.28,5.9
Brazil,Solar thermal energy,,,,,
Bulgaria,Concentrated solar power,,,,,
Bulgaria,Marine energy,,,,,
Bulgaria,Nuclear,,,,,
Bulgaria,Offgrid solar photovoltaic,,1.01,,,
Bulgaria,Offshore wind energy,,,,,
Bulgaria,Ongrid solar photovoltaic,,,,,
Bulgaria,Onshore wind energy,,,,,
Bulgaria,Pumped storage,,,,,
Bulgaria,Renewable hydropower,,,,,
Bulgaria,Solar thermal energy,,,,,
Burkina Faso,Concentrated solar power,,,,,
Burkina Faso,Marine energy,,,,,
Burkina Faso,Nuclear,,,,,
Burkina Faso,Offgrid solar photovoltaic,0.65,0.3,12.52,4.1,2.13
Burkina Faso,Offshore wind energy,,,,,
Burkina Faso,Ongrid solar photovoltaic,23.49,150.99,77.75,2.34,53.1
Burkina Faso,Onshore wind energy,,,,,
Burkina Faso,Pumped storage,,,,,
Burkina Faso,Renewable hydropower,,,,,
Burkina Faso,Solar thermal energy,11.36,0.02,,,0.01
Burundi,Concentrated solar power,,,,,
Burundi,Marine energy,,,,,
Burundi,Nuclear,,,,,
Burundi,Offgrid solar photovoltaic,0.01,,,,0.15
Burundi,Offshore wind energy,,,,,
Burundi,Ongrid solar photovoltaic,0.19,97.16,,,
Burundi,Onshore wind energy,,,,,
Burundi,Pumped storage,,,,,
Burundi,Renewable hydropower,80.23,,,,0.96
Burundi,Solar thermal energy,,,,,
Cabo Verde,Concentrated solar power,,,,,
Cabo Verde,Marine energy,,,,,
Cabo Verde,Nuclear,,,,,
Cabo Verde,Offgrid solar photovoltaic,,,6.79,,
Cabo Verde,Offshore wind energy,,,,,
Cabo Verde,Ongrid solar photovoltaic,,,,,
Cabo Verde,Onshore wind energy,,,,,
Cabo Verde,Pumped storage,,,,,
Cabo Verde,Renewable hydropower,,,,,
Cabo Verde,Solar thermal energy,,,,,
Cambodia,Concentrated solar power,,,,,
Cambodia,Marine energy,,,,,
Cambodia,Nuclear,,,,,
Cambodia,Offgrid solar photovoltaic,,,,1.52,0.02
Cambodia,Offshore wind energy,,,,,
Cambodia,Ongrid solar photovoltaic,0.23,19.12,30.99,,0.1
Cambodia,Onshore wind energy,,,,,
Cambodia,Pumped storage,,,,,
Cambodia,Renewable hydropower,,,,,
Cambodia,Solar thermal energy,,,,,
Cameroon,Concentrated solar power,,,,,
Cameroon,Marine energy,,,,,
Cameroon,Nuclear,,,,,
Cameroon,Offgrid solar photovoltaic,,0.56,0.35,0.05,137.57
Cameroon,Offshore wind energy,,,,,
Cameroon,Ongrid solar photovoltaic,0.72,37.43,0.18,0.78,2.92
Cameroon,Onshore wind energy,,,,,
Cameroon,Pumped storage,,,,,
Cameroon,Renewable hydropower,6.43,4.35,6.31,6.4,0
Cameroon,Solar thermal energy,,,,,
Canada,Concentrated solar power,,,,,
Canada,Marine energy,,,,,
Canada,Nuclear,,,,,
Canada,Offgrid solar photovoltaic,,,,,
Canada,Offshore wind energy,,,,,
Canada,Ongrid solar photovoltaic,,,,,
Canada,Onshore wind energy,,,,,
Canada,Pumped storage,,,,,
Canada,Renewable hydropower,,,,,
Canada,Solar thermal energy,,,,,
Central African Republic (the),Concentrated solar power,,,,,
Central African Republic (the),Marine energy,,,,,
Central African Republic (the),Nuclear,,,,,
Central African Republic (the),Offgrid solar photovoltaic,,,,78.85,0.25
Central African Republic (the),Offshore wind energy,,,,,
Central African Republic (the),Ongrid solar photovoltaic,53.02,6.72,,,0.4
Central African Republic (the),Onshore wind energy,,,,,
Central African Republic (the),Pumped storage,,,,,
Central African Republic (the),Renewable hydropower,,3.78,,,
Central African Republic (the),Solar thermal energy,,,,,
Chad,Concentrated solar power,,,,,
Chad,Marine energy,,,,,
Chad,Nuclear,,,,,
Chad,Offgrid solar photovoltaic,11.35,0.43,,159.11,0.29
Chad,Offshore wind energy,,,,,
Chad,Ongrid solar photovoltaic,11.34,12.64,21.11,,0.51
Chad,Onshore wind energy,,,,,
Chad,Pumped storage,,,,,
Chad,Renewable hydropower,,,,,
Chad,Solar thermal energy,,,,,
Chile,Concentrated solar power,,,,,
Chile,Marine energy,,,,,
Chile,Nuclear,,,,,
Chile,Offgrid solar photovoltaic,,,,,
Chile,Offshore wind energy,,,,,
Chile,Ongrid solar photovoltaic,,,,,191.66
Chile,Onshore wind energy,,,,,
Chile,Pumped storage,,,,,
Chile,Renewable hydropower,,,,,
Chile,Solar thermal energy,,,,,
China,Concentrated solar power,,,,,
China,Marine energy,2.01,,,,
China,Nuclear,,,,,0.03
China,Offgrid solar photovoltaic,,,,,47.92
China,Offshore wind energy,,,,,
China,Ongrid solar photovoltaic,0.99,62.03,,2.42,5.9
China,Onshore wind energy,0.09,0.34,,,
China,Pumped storage,,,,,
China,Renewable hydropower,,,,,
China,Solar thermal energy,,,,,
Chinese Taipei,Concentrated solar power,,,,,
Chinese Taipei,Marine energy,,,,,
Chinese Taipei,Nuclear,,,,,
Chinese Taipei,Offgrid solar photovoltaic,,,,,
Chinese Taipei,Offshore wind energy,,,,,906.56
Chinese Taipei,Ongrid solar photovoltaic,,,,,
Chinese Taipei,Onshore wind energy,,,,,
Chinese Taipei,Pumped storage,,,,,
Chinese Taipei,Renewable hydropower,,,,,
Chinese Taipei,Solar thermal energy,,,,,
Colombia,Concentrated solar power,,,,,
Colombia,Marine energy,,,,,
Colombia,Nuclear,,,,,
Colombia,Offgrid solar photovoltaic,,0,0.19,13.53,7.28
Colombia,Offshore wind energy,,,,,
Colombia,Ongrid solar photovoltaic,0.85,0.08,15.33,104.97,
Colombia,Onshore wind energy,,,0.05,,
Colombia,Pumped storage,,,,,
Colombia,Renewable hydropower,0,51.39,,,
Colombia,Solar thermal energy,,,0.06,9.21,
Comoros (the),Concentrated solar power,,,,,
Comoros (the),Marine energy,,,,0.01,
Comoros (the),Nuclear,,,,,
Comoros (the),Offgrid solar photovoltaic,0.73,0.05,0.01,,
Comoros (the),Offshore wind energy,,,,,
Comoros (the),Ongrid solar photovoltaic,,17.27,,0.01,
Comoros (the),Onshore wind energy,,,,0.01,
Comoros (the),Pumped storage,,,,,
Comoros (the),Renewable hydropower,,,,,
Comoros (the),Solar thermal energy,16.21,,,27.6,
Congo (the),Concentrated solar power,,,,,
Congo (the),Marine energy,,,,,
Congo (the),Nuclear,,,,,
Congo (the),Offgrid solar photovoltaic,,,0.03,,8.52
Congo (the),Offshore wind energy,,,,,
Congo (the),Ongrid solar photovoltaic,,,,,
Congo (the),Onshore wind energy,,,,,
Congo (the),Pumped storage,,,,,
Congo (the),Renewable hydropower,,,,,
Congo (the),Solar thermal energy,,,,,
Cook Islands (the),Concentrated solar power,,,,,
Cook Islands (the),Marine energy,,,,,
Cook Islands (the),Nuclear,,,,,
Cook Islands (the),Offgrid solar photovoltaic,,,,,
Cook Islands (the),Offshore wind energy,,,,,
Cook Islands (the),Ongrid solar photovoltaic,,,,,
Cook Islands (the),Onshore wind energy,,,,,
Cook Islands (the),Pumped storage,,,,,
Cook Islands (the),Renewable hydropower,,,,,
Cook Islands (the),Solar thermal energy,,,,,
Costa Rica,Concentrated solar power,,,,,
Costa Rica,Marine energy,,,,,
Costa Rica,Nuclear,,,,,
Costa Rica,Offgrid solar photovoltaic,,,,,59.89
Costa Rica,Offshore wind energy,,,,,
Costa Rica,Ongrid solar photovoltaic,0.29,,16.08,,
Costa Rica,Onshore wind energy,,,,,
Costa Rica,Pumped storage,,,,,
Costa Rica,Renewable hydropower,,,,,
Costa Rica,Solar thermal energy,,,,,
Croatia,Concentrated solar power,,,,,
Croatia,Marine energy,,,,,
Croatia,Nuclear,,,,,
Croatia,Offgrid solar photovoltaic,,,,,
Croatia,Offshore wind energy,,,,,
Croatia,Ongrid solar photovoltaic,,,,,12.43
Croatia,Onshore wind energy,,,,67.92,
Croatia,Pumped storage,,,,,
Croatia,Renewable hydropower,,,,,
Croatia,Solar thermal energy,,,,,
Cuba,Concentrated solar power,,,,,
Cuba,Marine energy,,,,0.24,
Cuba,Nuclear,,,,,
Cuba,Offgrid solar photovoltaic,,,0.12,,0.01
Cuba,Offshore wind energy,,,,,
Cuba,Ongrid solar photovoltaic,2.11,3.08,,0.91,0.24
Cuba,Onshore wind energy,0,,,,
Cuba,Pumped storage,,,,,
Cuba,Renewable hydropower,0.03,,,,
Cuba,Solar thermal energy,,,,,
Cyprus,Concentrated solar power,,,,,
Cyprus,Marine energy,,,,,
Cyprus,Nuclear,,,,,
Cyprus,Offgrid solar photovoltaic,,,,,
Cyprus,Offshore wind energy,,,,,
Cyprus,Ongrid solar photovoltaic,,,,,
Cyprus,Onshore wind energy,,,,,
Cyprus,Pumped storage,,,,,
Cyprus,Renewable hydropower,,,,,
Cyprus,Solar thermal energy,,,,,
Czechia,Concentrated solar power,,,,,
Czechia,Marine energy,,,,,
Czechia,Nuclear,,,,,
Czechia,Offgrid solar photovoltaic,,,,,
Czechia,Offshore wind energy,,,,,
Czechia,Ongrid solar photovoltaic,,,,,
Czechia,Onshore wind energy,,,,,
Czechia,Pumped storage,,,,,
Czechia,Renewable hydropower,,,,,
Czechia,Solar thermal energy,,,,,
Côte d'Ivoire,Concentrated solar power,,,,,
Côte d'Ivoire,Marine energy,,,,,
Côte d'Ivoire,Nuclear,,,,,
Côte d'Ivoire,Offgrid solar photovoltaic,11.05,,80.61,178.26,0
Côte d'Ivoire,Offshore wind energy,,,,,
Côte d'Ivoire,Ongrid solar photovoltaic,,25.75,0.09,0.02,41.07
Côte d'Ivoire,Onshore wind energy,,,,,
Côte d'Ivoire,Pumped storage,,,,,
Côte d'Ivoire,Renewable hydropower,317.59,,73.38,,3.3
Côte d'Ivoire,Solar thermal energy,,,,,
Democratic People's Republic of Korea (the),Concentrated solar power,,,,,
Democratic People's Republic of Korea (the),Marine energy,,,,,
Democratic People's Republic of Korea (the),Nuclear,,,,,
Democratic People's Republic of Korea (the),Offgrid solar photovoltaic,,,,,
Democratic People's Republic of Korea (the),Offshore wind energy,,,,,
Democratic People's Republic of Korea (the),Ongrid solar photovoltaic,,,,,
Democratic People's Republic of Korea (the),Onshore wind energy,,,,,
Democratic People's Republic of Korea (the),Pumped storage,,,,,
Democratic People's Republic of Korea (the),Renewable hydropower,,,,,
Democratic People's Republic of Korea (the),Solar thermal energy,,,,,
Democratic Republic of the Congo (the),Concentrated solar power,,,,,
Democratic Republic of the Congo (the),Marine energy,,,,,
Democratic Republic of the Congo (the),Nuclear,,,,,
Democratic Republic of the Congo (the),Offgrid solar photovoltaic,0,,18.51,1.6,34.63
Democratic Republic of the Congo (the),Offshore wind energy,,,,,
Democratic Republic of the Congo (the),Ongrid solar photovoltaic,0.71,0.05,1.15,0.95,6.19
Democratic Republic of the Congo (the),Onshore wind energy,,,,,
Democratic Republic of the Congo (the),Pumped storage,,,,,
Democratic Republic of the Congo (the),Renewable hydropower,,,4.61,,
Democratic Republic of the Congo (the),Solar thermal energy,,,,,
Denmark,Concentrated solar power,,,,,
Denmark,Marine energy,,,,,
Denmark,Nuclear,,,,,
Denmark,Offgrid solar photovoltaic,,,,,
Denmark,Offshore wind energy,,,236.93,,
Denmark,Ongrid solar photovoltaic,,,,,
Denmark,Onshore wind energy,,,,,88.22
Denmark,Pumped storage,,,,35.34,
Denmark,Renewable hydropower,,,,,
Denmark,Solar thermal energy,,,,,
Djibouti,Concentrated solar power,,,,,
Djibouti,Marine energy,,,,,
Djibouti,Nuclear,,,,,
Djibouti,Offgrid solar photovoltaic,1.8,0.07,,31.9,
Djibouti,Offshore wind energy,,,,,
Djibouti,Ongrid solar photovoltaic,,,,,
Djibouti,Onshore wind energy,22.7,,,33.34,
Djibouti,Pumped storage,,,,,
Djibouti,Renewable hydropower,,,,0.52,
Djibouti,Solar thermal energy,,,,,
Dominica,Concentrated solar power,,,,,
Dominica,Marine energy,,,,,
Dominica,Nuclear,,,,,
Dominica,Offgrid solar photovoltaic,,,,,
Dominica,Offshore wind energy,,,,,
Dominica,Ongrid solar photovoltaic,,,,,
Dominica,Onshore wind energy,,,,,
Dominica,Pumped storage,,,,,
Dominica,Renewable hydropower,,,,,
Dominica,Solar thermal energy,,,,,
Dominican Republic (the),Concentrated solar power,,,,,
Dominican Republic (the),Marine energy,,,,,
Dominican Republic (the),Nuclear,,,,,
Dominican Republic (the),Offgrid solar photovoltaic,0.03,0.03,0,56,
Dominican Republic (the),Offshore wind energy,,,,,
Dominican Republic (the),Ongrid solar photovoltaic,0.08,,2.91,32,35.29
Dominican Republic (the),Onshore wind energy,3.55,0.27,25.33,,
Dominican Republic (the),Pumped storage,,,,,
Dominican Republic (the),Renewable hydropower,0.16,,,,56.76
Dominican Republic (the),Solar thermal energy,,,,,
Ecuador,Concentrated solar power,,,,,
Ecuador,Marine energy,,,,,
Ecuador,Nuclear,,,,,
Ecuador,Offgrid solar photovoltaic,,,3.15,77,95.83
Ecuador,Offshore wind energy,,,,,
Ecuador,Ongrid solar photovoltaic,,,2.28,,138.94
Ecuador,Onshore wind energy,,,,,
Ecuador,Pumped storage,,,,,
Ecuador,Renewable hydropower,,,,,
Ecuador,Solar thermal energy,,,,,
Egypt,Concentrated solar power,,,,,
Egypt,Marine energy,,,,,
Egypt,Nuclear,,0.11,,,
Egypt,Offgrid solar photovoltaic,,,,,
Egypt,Offshore wind energy,,,,,
Egypt,Ongrid solar photovoltaic,34.87,22.81,68.29,360.17,
Egypt,Onshore wind energy,126.52,129.39,,353.24,65.94
Egypt,Pumped storage,,,,,
Egypt,Renewable hydropower,0,,,27.34,14.84
Egypt,Solar thermal energy,,,,,
El Salvador,Concentrated solar power,,,,,
El Salvador,Marine energy,,,,,
El Salvador,Nuclear,,,,,
El Salvador,Offgrid solar photovoltaic,,,,,
El Salvador,Offshore wind energy,,,,,
El Salvador,Ongrid solar photovoltaic,,,,0.07,
El Salvador,Onshore wind energy,,,,,
El Salvador,Pumped storage,,,,,
El Salvador,Renewable hydropower,,,,100,
El Salvador,Solar thermal energy,,,,,
Equatorial Guinea,Concentrated solar power,,,,,
Equatorial Guinea,Marine energy,,,,,
Equatorial Guinea,Nuclear,,,,,
Equatorial Guinea,Offgrid solar photovoltaic,,,,,
Equatorial Guinea,Offshore wind energy,,,,,
Equatorial Guinea,Ongrid solar photovoltaic,,,,,
Equatorial Guinea,Onshore wind energy,,,,,
Equatorial Guinea,Pumped storage,,,,,
Equatorial Guinea,Renewable hydropower,,,,,
Equatorial Guinea,Solar thermal energy,,,,,
Eritrea,Concentrated solar power,,,,,
Eritrea,Marine energy,,,,,
Eritrea,Nuclear,,,,,
Eritrea,Offgrid solar photovoltaic,,0,,0.25,
Eritrea,Offshore wind energy,,,,,
Eritrea,Ongrid solar photovoltaic,,,,,46.39
Eritrea,Onshore wind energy,,,,,
Eritrea,Pumped storage,,,,,
Eritrea,Renewable hydropower,,,,,
Eritrea,Solar thermal energy,,,,,
Estonia,Concentrated solar power,,,,,
Estonia,Marine energy,,,,,
Estonia,Nuclear,,,,,
Estonia,Offgrid solar photovoltaic,,,,,
Estonia,Offshore wind energy,,,,,
Estonia,Ongrid solar photovoltaic,,10.55,,,22.8
Estonia,Onshore wind energy,,,,84.24,
Estonia,Pumped storage,,,,,
Estonia,Renewable hydropower,,,,,
Estonia,Solar thermal energy,,,,,
Eswatini,Concentrated solar power,,,,,
Eswatini,Marine energy,,,,,
Eswatini,Nuclear,,,,,
Eswatini,Offgrid solar photovoltaic,0.5,0.03,,,
Eswatini,Offshore wind energy,,,,,
Eswatini,Ongrid solar photovoltaic,1.02,,0.23,0.07,0.34
Eswatini,Onshore wind energy,,,,,
Eswatini,Pumped storage,,,,,
Eswatini,Renewable hydropower,,,,,
Eswatini,Solar thermal energy,,,,,
Ethiopia,Concentrated solar power,,,,,
Ethiopia,Marine energy,,,,,
Ethiopia,Nuclear,,,,,
Ethiopia,Offgrid solar photovoltaic,1.67,0.06,0.01,0.63,1.52
Ethiopia,Offshore wind energy,,,,,
Ethiopia,Ongrid solar photovoltaic,0.01,,376.16,,
Ethiopia,Onshore wind energy,56.4,,22.76,0.08,20.52
Ethiopia,Pumped storage,,,,,
Ethiopia,Renewable hydropower,0,1.3,,,
Ethiopia,Solar thermal energy,0.42,,0.04,,
European Union (27),Concentrated solar power,,,,,
European Union (27),Marine energy,,,,,
European Union (27),Nuclear,,,,,
European Union (27),Offgrid solar photovoltaic,,,,,
European Union (27),Offshore wind energy,,,,,
European Union (27),Ongrid solar photovoltaic,,,,,
European Union (27),Onshore wind energy,,,,,
European Union (27),Pumped storage,,,,,
European Union (27),Renewable hydropower,,,,,
European Union (27),Solar thermal energy,,,,,
Fiji,Concentrated solar power,,,,,
Fiji,Marine energy,,,,,
Fiji,Nuclear,,,,,
Fiji,Offgrid solar photovoltaic,,0.04,,,0.72
Fiji,Offshore wind energy,,,,,
Fiji,Ongrid solar photovoltaic,0.01,4.01,0.01,,
Fiji,Onshore wind energy,,,,,
Fiji,Pumped storage,,,,,
Fiji,Renewable hydropower,0,,0.48,,0.32
Fiji,Solar thermal energy,,,,,
Finland,Concentrated solar power,,,,,
Finland,Marine energy,,,,,
Finland,Nuclear,,,,,
Finland,Offgrid solar photovoltaic,,,,,
Finland,Offshore wind energy,,,,,
Finland,Ongrid solar photovoltaic,,,,,
Finland,Onshore wind energy,,,65.59,,65.83
Finland,Pumped storage,,,,,
Finland,Renewable hydropower,,134.2,,,65.83
Finland,Solar thermal energy,,,,,
France,Concentrated solar power,,,,,
France,Marine energy,,,,,
France,Nuclear,,,,,
France,Offgrid solar photovoltaic,,,,,
France,Offshore wind energy,,507.44,385.08,168.49,1228.46
France,Ongrid solar photovoltaic,,,,,
France,Onshore wind energy,,,,,
France,Pumped storage,,,,,
France,Renewable hydropower,,,,,
France,Solar thermal energy,,,,,
French Guiana,Concentrated solar power,,,,,
French Guiana,Marine energy,,,,,
French Guiana,Nuclear,,,,,
French Guiana,Offgrid solar photovoltaic,,,,,
French Guiana,Offshore wind energy,,,,,
French Guiana,Ongrid solar photovoltaic,,,27.51,,
French Guiana,Onshore wind energy,,,,,
French Guiana,Pumped storage,,,,,
French Guiana,Renewable hydropower,,,,,
French Guiana,Solar thermal energy,,,,,
French Polynesia,Concentrated solar power,,,,,
French Polynesia,Marine energy,,,,,
French Polynesia,Nuclear,,,,,
French Polynesia,Offgrid solar photovoltaic,,,,,
French Polynesia,Offshore wind energy,,,,,
French Polynesia,Ongrid solar photovoltaic,,,,,
French Polynesia,Onshore wind energy,,,,,
French Polynesia,Pumped storage,,,,,
French Polynesia,Renewable hydropower,,,,,
French Polynesia,Solar thermal energy,,,,,
Gabon,Concentrated solar power,,,,,
Gabon,Marine energy,,,,,
Gabon,Nuclear,,,,,
Gabon,Offgrid solar photovoltaic,,,,,
Gabon,Offshore wind energy,,,,,
Gabon,Ongrid solar photovoltaic,,,,,
Gabon,Onshore wind energy,,,,,
Gabon,Pumped storage,,,,,
Gabon,Renewable hydropower,,,75.42,,
Gabon,Solar thermal energy,,,,,
Gambia (the),Concentrated solar power,,,,,
Gambia (the),Marine energy,,,,,
Gambia (the),Nuclear,,,,,
Gambia (the),Offgrid solar photovoltaic,,,,25.38,0.18
Gambia (the),Offshore wind energy,,,,,
Gambia (the),Ongrid solar photovoltaic,11.12,31.12,0.01,0.11,
Gambia (the),Onshore wind energy,,,,,
Gambia (the),Pumped storage,,,,,
Gambia (the),Renewable hydropower,,,,,
Gambia (the),Solar thermal energy,,,,,
Georgia,Concentrated solar power,,,,,
Georgia,Marine energy,,,,,
Georgia,Nuclear,,0.07,,,
Georgia,Offgrid solar photovoltaic,0.38,0.01,0.11,,
Georgia,Offshore wind energy,,,,,
Georgia,Ongrid solar photovoltaic,11.69,0.66,0.86,0.92,0.81
Georgia,Onshore wind energy,0.11,0.05,,3.82,
Georgia,Pumped storage,,,,,
Georgia,Renewable hydropower,0.03,,2.91,2.18,29.01
Georgia,Solar thermal energy,0.03,,,,
Germany,Concentrated solar power,,,,,
Germany,Marine energy,,,,,
Germany,Nuclear,,,,,
Germany,Offgrid solar photovoltaic,,,,,
Germany,Offshore wind energy,,,170.68,631.83,
Germany,Ongrid solar photovoltaic,,,,,
Germany,Onshore wind energy,,,,,
Germany,Pumped storage,,,,,
Germany,Renewable hydropower,,,,,
Germany,Solar thermal energy,,,,,
Ghana,Concentrated solar power,,,,,
Ghana,Marine energy,,,,,
Ghana,Nuclear,,0.02,,,0
Ghana,Offgrid solar photovoltaic,,,,54.59,0.54
Ghana,Offshore wind energy,,,,,
Ghana,Ongrid solar photovoltaic,2.69,17.11,0.05,68.62,0.06
Ghana,Onshore wind energy,,,,,
Ghana,Pumped storage,,,,,
Ghana,Renewable hydropower,,,14.25,0.02,0.23
Ghana,Solar thermal energy,,,,,4.72
Greece,Concentrated solar power,,,,,
Greece,Marine energy,,,,,
Greece,Nuclear,,,,,
Greece,Offgrid solar photovoltaic,,,,,
Greece,Offshore wind energy,,,,,
Greece,Ongrid solar photovoltaic,,88.05,,,
Greece,Onshore wind energy,,,,,
Greece,Pumped storage,,,,,
Greece,Renewable hydropower,,,,,
Greece,Solar thermal energy,,,,,
Grenada,Concentrated solar power,,,,,
Grenada,Marine energy,,,,,
Grenada,Nuclear,,,,,
Grenada,Offgrid solar photovoltaic,,,,,
Grenada,Offshore wind energy,,,,,
Grenada,Ongrid solar photovoltaic,,,2.91,,
Grenada,Onshore wind energy,,,,,
Grenada,Pumped storage,,,,,
Grenada,Renewable hydropower,,,,,
Grenada,Solar thermal energy,,,,,
Guatemala,Concentrated solar power,,,,,
Guatemala,Marine energy,,,,,
Guatemala,Nuclear,,,,,
Guatemala,Offgrid solar photovoltaic,,,,,
Guatemala,Offshore wind energy,,,,,
Guatemala,Ongrid solar photovoltaic,,0.07,,0.03,
Guatemala,Onshore wind energy,58.23,,,,
Guatemala,Pumped storage,,,,,
Guatemala,Renewable hydropower,0,0.17,,3.52,0.9
Guatemala,Solar thermal energy,,,,,
Guinea,Concentrated solar power,,,,,
Guinea,Marine energy,,,,,
Guinea,Nuclear,,,,,
Guinea,Offgrid solar photovoltaic,,,0.01,0.02,
Guinea,Offshore wind energy,,,,,
Guinea,Ongrid solar photovoltaic,21.55,,,,
Guinea,Onshore wind energy,,,,,
Guinea,Pumped storage,,,,,
Guinea,Renewable hydropower,,,187.04,,
Guinea,Solar thermal energy,,,,,
GuineaBissau,Concentrated solar power,,,,,
GuineaBissau,Marine energy,,,,,
GuineaBissau,Nuclear,,,,,
GuineaBissau,Offgrid solar photovoltaic,,,,,0.03
GuineaBissau,Offshore wind energy,,,,,
GuineaBissau,Ongrid solar photovoltaic,,,,,
GuineaBissau,Onshore wind energy,,,,,
GuineaBissau,Pumped storage,,,,,
GuineaBissau,Renewable hydropower,,,,,
GuineaBissau,Solar thermal energy,,,,,
Guyana,Concentrated solar power,,,,,
Guyana,Marine energy,,,,,
Guyana,Nuclear,,,,,
Guyana,Offgrid solar photovoltaic,,,,,0.08
Guyana,Offshore wind energy,,,,,
Guyana,Ongrid solar photovoltaic,,1.54,2.91,83.3,
Guyana,Onshore wind energy,,,,,
Guyana,Pumped storage,,,,,
Guyana,Renewable hydropower,15.5,,,,
Guyana,Solar thermal energy,,,,,
Haiti,Concentrated solar power,,,,,
Haiti,Marine energy,,,,,
Haiti,Nuclear,,,,,
Haiti,Offgrid solar photovoltaic,8.47,,2.91,2.9,5.32
Haiti,Offshore wind energy,,,,,
Haiti,Ongrid solar photovoltaic,0.08,2.11,2.91,,0.01
Haiti,Onshore wind energy,,,5.53,,
Haiti,Pumped storage,,,,,
Haiti,Renewable hydropower,,,0.96,,
Haiti,Solar thermal energy,,0.04,,,
Honduras,Concentrated solar power,,,,,
Honduras,Marine energy,,,,,
Honduras,Nuclear,,,,,
Honduras,Offgrid solar photovoltaic,,,1.38,,
Honduras,Offshore wind energy,,,,,
Honduras,Ongrid solar photovoltaic,0.31,,14,0.05,0.58
Honduras,Onshore wind energy,,,,,
Honduras,Pumped storage,,,,,
Honduras,Renewable hydropower,0.12,18.5,0.63,,
Honduras,Solar thermal energy,,,,,
Hungary,Concentrated solar power,,,,,
Hungary,Marine energy,,,,,
Hungary,Nuclear,,,,,
Hungary,Offgrid solar photovoltaic,,,,,
Hungary,Offshore wind energy,,,,,
Hungary,Ongrid solar photovoltaic,,,,,
Hungary,Onshore wind energy,,,,,
Hungary,Pumped storage,,,,,
Hungary,Renewable hydropower,,,,,
Hungary,Solar thermal energy,,,,,
Iceland,Concentrated solar power,,,,,
Iceland,Marine energy,,,,,
Iceland,Nuclear,,,,,
Iceland,Offgrid solar photovoltaic,,,,,
Iceland,Offshore wind energy,,,,,
Iceland,Ongrid solar photovoltaic,,,,,
Iceland,Onshore wind energy,,,,,
Iceland,Pumped storage,,,,,
Iceland,Renewable hydropower,,,,,
Iceland,Solar thermal energy,,,,,
India,Concentrated solar power,,,,,
India,Marine energy,,,,,
India,Nuclear,,,,,
India,Offgrid solar photovoltaic,0.03,11.54,694.27,20,620.03
India,Offshore wind energy,,,,,
India,Ongrid solar photovoltaic,311.83,716.59,268.81,259.47,1082.2
India,Onshore wind energy,92.13,51.52,72.74,17.42,351.22
India,Pumped storage,,,,,
India,Renewable hydropower,44.07,237.59,10.83,86.59,583.75
India,Solar thermal energy,0.1,,,,0.07
Indonesia,Concentrated solar power,,,,,
Indonesia,Marine energy,0.67,,,,
Indonesia,Nuclear,0.01,,,,2.24
Indonesia,Offgrid solar photovoltaic,,,346.46,,260.31
Indonesia,Offshore wind energy,,,,,
Indonesia,Ongrid solar photovoltaic,0.91,21.02,4.27,,0.01
Indonesia,Onshore wind energy,0.26,27.83,1.41,2.68,1.01
Indonesia,Pumped storage,,,,,
Indonesia,Renewable hydropower,,44.67,2.44,291.03,103.47
Indonesia,Solar thermal energy,,,,7.68,0.11
Iran (Islamic Republic of),Concentrated solar power,,,,,
Iran (Islamic Republic of),Marine energy,,,,,
Iran (Islamic Republic of),Nuclear,5.73,5.63,5.5,,2.49
Iran (Islamic Republic of),Offgrid solar photovoltaic,,,,,
Iran (Islamic Republic of),Offshore wind energy,,,,,
Iran (Islamic Republic of),Ongrid solar photovoltaic,,,,,
Iran (Islamic Republic of),Onshore wind energy,,,,,
Iran (Islamic Republic of),Pumped storage,,,,,
Iran (Islamic Republic of),Renewable hydropower,,,,,
Iran (Islamic Republic of),Solar thermal energy,,,,0.06,
Iraq,Concentrated solar power,,,,,
Iraq,Marine energy,,,,,
Iraq,Nuclear,,,,,
Iraq,Offgrid solar photovoltaic,,0.44,,,
Iraq,Offshore wind energy,,,,,
Iraq,Ongrid solar photovoltaic,,,1.05,,0.06
Iraq,Onshore wind energy,,,,,
Iraq,Pumped storage,,,,,
Iraq,Renewable hydropower,,,,,
Iraq,Solar thermal energy,,,,,
Ireland,Concentrated solar power,,,,,
Ireland,Marine energy,,,,,
Ireland,Nuclear,,,,,
Ireland,Offgrid solar photovoltaic,,,,,
Ireland,Offshore wind energy,,,,,
Ireland,Ongrid solar photovoltaic,,,,22.11,
Ireland,Onshore wind energy,,,126.58,,
Ireland,Pumped storage,,,,,
Ireland,Renewable hydropower,,,,,
Ireland,Solar thermal energy,,,,,
Israel,Concentrated solar power,,,,,
Israel,Marine energy,,,,,
Israel,Nuclear,,,,,
Israel,Offgrid solar photovoltaic,,,,,
Israel,Offshore wind energy,,,,,
Israel,Ongrid solar photovoltaic,,,,,
Israel,Onshore wind energy,,,,,
Israel,Pumped storage,,,,,
Israel,Renewable hydropower,,,,,
Israel,Solar thermal energy,,,,,
Italy,Concentrated solar power,,,,,
Italy,Marine energy,,,,,
Italy,Nuclear,,,,,
Italy,Offgrid solar photovoltaic,,,,,
Italy,Offshore wind energy,,,,,
Italy,Ongrid solar photovoltaic,,,,165.33,
Italy,Onshore wind energy,,,83.18,52.65,
Italy,Pumped storage,,,,,
Italy,Renewable hydropower,,,140.13,,
Italy,Solar thermal energy,,,,,
Jamaica,Concentrated solar power,,,,,
Jamaica,Marine energy,,,,,
Jamaica,Nuclear,,,,,
Jamaica,Offgrid solar photovoltaic,,,,,
Jamaica,Offshore wind energy,,,,,
Jamaica,Ongrid solar photovoltaic,0.01,3.08,12.93,,7.67
Jamaica,Onshore wind energy,,,,,
Jamaica,Pumped storage,,,,,
Jamaica,Renewable hydropower,0,,,,
Jamaica,Solar thermal energy,,,,,
Jordan,Concentrated solar power,,,,,
Jordan,Marine energy,,,,,
Jordan,Nuclear,0.01,,,,
Jordan,Offgrid solar photovoltaic,,,,,58.13
Jordan,Offshore wind energy,,,,,
Jordan,Ongrid solar photovoltaic,55.51,22.07,23.44,0.05,
Jordan,Onshore wind energy,1.67,,,,14.37
Jordan,Pumped storage,,,,,
Jordan,Renewable hydropower,,,,,
Jordan,Solar thermal energy,,,,0.87,0.01
Kazakhstan,Concentrated solar power,,,,,
Kazakhstan,Marine energy,,,,,
Kazakhstan,Nuclear,0.19,0.01,,,
Kazakhstan,Offgrid solar photovoltaic,,,,,
Kazakhstan,Offshore wind energy,,,,,
Kazakhstan,Ongrid solar photovoltaic,43.7,,,,
Kazakhstan,Onshore wind energy,49.47,,43.48,,95.31
Kazakhstan,Pumped storage,,,,,
Kazakhstan,Renewable hydropower,,,,,
Kazakhstan,Solar thermal energy,,,,,
Kenya,Concentrated solar power,,,,,
Kenya,Marine energy,,,,,
Kenya,Nuclear,,,,,
Kenya,Offgrid solar photovoltaic,5.82,23.22,15.71,90.07,97.83
Kenya,Offshore wind energy,,,,,
Kenya,Ongrid solar photovoltaic,153.11,12.66,2.02,28.08,0.76
Kenya,Onshore wind energy,0.04,,0.03,0.25,
Kenya,Pumped storage,,,,,
Kenya,Renewable hydropower,28.46,,0.22,0.05,0.03
Kenya,Solar thermal energy,,0.28,,,0.01
Kiribati,Concentrated solar power,,,,,
Kiribati,Marine energy,,,,,
Kiribati,Nuclear,,,,,
Kiribati,Offgrid solar photovoltaic,,,,,
Kiribati,Offshore wind energy,,,,,
Kiribati,Ongrid solar photovoltaic,,8.02,,0.06,0.13
Kiribati,Onshore wind energy,,,,,
Kiribati,Pumped storage,,,,,
Kiribati,Renewable hydropower,,,,,
Kiribati,Solar thermal energy,,,,,
Kosovo,Concentrated solar power,,,,,
Kosovo,Marine energy,,,,,
Kosovo,Nuclear,,,,,
Kosovo,Offgrid solar photovoltaic,0.03,,0.06,0.04,0.62
Kosovo,Offshore wind energy,,,,,
Kosovo,Ongrid solar photovoltaic,,0.02,,7.5,28.69
Kosovo,Onshore wind energy,,,,,
Kosovo,Pumped storage,,,,,
Kosovo,Renewable hydropower,,,,,
Kosovo,Solar thermal energy,,,,57.63,
Kyrgyzstan,Concentrated solar power,,,,,
Kyrgyzstan,Marine energy,,,,,
Kyrgyzstan,Nuclear,,,,,
Kyrgyzstan,Offgrid solar photovoltaic,,,,39.5,16.12
Kyrgyzstan,Offshore wind energy,,,,,
Kyrgyzstan,Ongrid solar photovoltaic,,,,,0.15
Kyrgyzstan,Onshore wind energy,,,,,0.08
Kyrgyzstan,Pumped storage,,,,,
Kyrgyzstan,Renewable hydropower,91.31,0.07,,0.04,77.66
Kyrgyzstan,Solar thermal energy,,,,0.07,
Lao People's Democratic Republic (the),Concentrated solar power,,,,,
Lao People's Democratic Republic (the),Marine energy,,,,,
Lao People's Democratic Republic (the),Nuclear,,,,,
Lao People's Democratic Republic (the),Offgrid solar photovoltaic,,,,0,44.1
Lao People's Democratic Republic (the),Offshore wind energy,,,,,
Lao People's Democratic Republic (the),Ongrid solar photovoltaic,0.08,0.05,0.02,0.61,
Lao People's Democratic Republic (the),Onshore wind energy,,,,150,153.33
Lao People's Democratic Republic (the),Pumped storage,,,,,
Lao People's Democratic Republic (the),Renewable hydropower,0.13,0.47,,,
Lao People's Democratic Republic (the),Solar thermal energy,,,,,
Latvia,Concentrated solar power,,,,,
Latvia,Marine energy,,,,,
Latvia,Nuclear,,,,,
Latvia,Offgrid solar photovoltaic,,,,,
Latvia,Offshore wind energy,,,,,
Latvia,Ongrid solar photovoltaic,,,,,
Latvia,Onshore wind energy,,,,,
Latvia,Pumped storage,,,,,
Latvia,Renewable hydropower,,,,,
Latvia,Solar thermal energy,,,,,
Lebanon,Concentrated solar power,,,,,
Lebanon,Marine energy,,,,,
Lebanon,Nuclear,,,,,
Lebanon,Offgrid solar photovoltaic,0.03,0.01,0.43,0.58,0.25
Lebanon,Offshore wind energy,,,,,
Lebanon,Ongrid solar photovoltaic,0.29,0.15,0.21,1.48,0.65
Lebanon,Onshore wind energy,,,,,
Lebanon,Pumped storage,,,,,
Lebanon,Renewable hydropower,,,,,
Lebanon,Solar thermal energy,,,,,0.4
Lesotho,Concentrated solar power,,,,,
Lesotho,Marine energy,,,,,
Lesotho,Nuclear,,,,,
Lesotho,Offgrid solar photovoltaic,0,,,,
Lesotho,Offshore wind energy,,,,,
Lesotho,Ongrid solar photovoltaic,14.35,77.49,,1.41,
Lesotho,Onshore wind energy,,,,,
Lesotho,Pumped storage,,,,,
Lesotho,Renewable hydropower,,1.64,,10.77,
Lesotho,Solar thermal energy,,,,,
Liberia,Concentrated solar power,,,,,
Liberia,Marine energy,,,,,
Liberia,Nuclear,0.07,,,,
Liberia,Offgrid solar photovoltaic,,0.32,,10.58,0.17
Liberia,Offshore wind energy,,,,,
Liberia,Ongrid solar photovoltaic,,,3.43,,
Liberia,Onshore wind energy,,,,,
Liberia,Pumped storage,,,,,
Liberia,Renewable hydropower,3.78,9.05,0.02,,
Liberia,Solar thermal energy,,,,,
Libya,Concentrated solar power,,,,,
Libya,Marine energy,,,,,
Libya,Nuclear,0.01,,,,
Libya,Offgrid solar photovoltaic,,,0.23,,
Libya,Offshore wind energy,,,,,
Libya,Ongrid solar photovoltaic,,0.01,,,
Libya,Onshore wind energy,,,,,
Libya,Pumped storage,,,,,
Libya,Renewable hydropower,,,,,
Libya,Solar thermal energy,,,,,
Lithuania,Concentrated solar power,,,,,
Lithuania,Marine energy,,,,,
Lithuania,Nuclear,,,,,
Lithuania,Offgrid solar photovoltaic,,,,,
Lithuania,Offshore wind energy,,,,,
Lithuania,Ongrid solar photovoltaic,,,,,
Lithuania,Onshore wind energy,,,,,42.13
Lithuania,Pumped storage,,,,,
Lithuania,Renewable hydropower,,,,,
Lithuania,Solar thermal energy,,,,,
Madagascar,Concentrated solar power,,,,,
Madagascar,Marine energy,,,,,
Madagascar,Nuclear,,,,,
Madagascar,Offgrid solar photovoltaic,0,3.07,2.84,30.28,214.12
Madagascar,Offshore wind energy,,,,,
Madagascar,Ongrid solar photovoltaic,0.06,0.03,,0.29,46.47
Madagascar,Onshore wind energy,0,0,0,0,0
Madagascar,Pumped storage,,,,,
Madagascar,Renewable hydropower,42.65,,91.18,7.45,39.5
Madagascar,Solar thermal energy,0,0.03,0.02,,0.16
Malawi,Concentrated solar power,,,,,
Malawi,Marine energy,,,,,
Malawi,Nuclear,,,,,
Malawi,Offgrid solar photovoltaic,4.48,0.01,0.21,3.76,0.54
Malawi,Offshore wind energy,,,,,
Malawi,Ongrid solar photovoltaic,105.23,10.01,12.99,25.08,
Malawi,Onshore wind energy,3.18,,,,
Malawi,Pumped storage,,,,,
Malawi,Renewable hydropower,7.31,0.71,1.53,45.43,13.14
Malawi,Solar thermal energy,,,,,
Malaysia,Concentrated solar power,,,,,
Malaysia,Marine energy,,,,,
Malaysia,Nuclear,0.01,0.09,,,
Malaysia,Offgrid solar photovoltaic,0.01,,,,
Malaysia,Offshore wind energy,,,,,
Malaysia,Ongrid solar photovoltaic,0,3.87,,,
Malaysia,Onshore wind energy,,,,,
Malaysia,Pumped storage,,,,,
Malaysia,Renewable hydropower,,,,,0.29
Malaysia,Solar thermal energy,,,,,
Maldives,Concentrated solar power,,,,,
Maldives,Marine energy,,,,,
Maldives,Nuclear,,,,,
Maldives,Offgrid solar photovoltaic,0.02,0.07,6.59,,
Maldives,Offshore wind energy,,,,,
Maldives,Ongrid solar photovoltaic,,14.39,19.64,0.63,5.25
Maldives,Onshore wind energy,,,,,2.78
Maldives,Pumped storage,,,,,
Maldives,Renewable hydropower,,,,,
Maldives,Solar thermal energy,4.24,,,,
Mali,Concentrated solar power,,,,,
Mali,Marine energy,,,,,
Mali,Nuclear,,,,,
Mali,Offgrid solar photovoltaic,0.1,0.34,0.73,0.75,150.85
Mali,Offshore wind energy,,,,,
Mali,Ongrid solar photovoltaic,16.74,0.21,,2.94,
Mali,Onshore wind energy,,,0.27,,
Mali,Pumped storage,,,,,
Mali,Renewable hydropower,,,,,
Mali,Solar thermal energy,30.92,,,,
Malta,Concentrated solar power,,,,,
Malta,Marine energy,,,,,
Malta,Nuclear,,,,,
Malta,Offgrid solar photovoltaic,,,,,
Malta,Offshore wind energy,,,,,
Malta,Ongrid solar photovoltaic,,,,,
Malta,Onshore wind energy,,,,,
Malta,Pumped storage,,,,,
Malta,Renewable hydropower,,,,,
Malta,Solar thermal energy,,,,,
Marshall Islands (the),Concentrated solar power,,,,,
Marshall Islands (the),Marine energy,,,,,
Marshall Islands (the),Nuclear,,,,,
Marshall Islands (the),Offgrid solar photovoltaic,,,,,
Marshall Islands (the),Offshore wind energy,,,,,
Marshall Islands (the),Ongrid solar photovoltaic,,,0.18,,0.47
Marshall Islands (the),Onshore wind energy,,,,,
Marshall Islands (the),Pumped storage,,,,,
Marshall Islands (the),Renewable hydropower,,,,,
Marshall Islands (the),Solar thermal energy,,,,,
Mauritania,Concentrated solar power,,,,,
Mauritania,Marine energy,,,,,
Mauritania,Nuclear,,0.17,,,
Mauritania,Offgrid solar photovoltaic,0.12,0.11,,11.61,0.54
Mauritania,Offshore wind energy,,,,,
Mauritania,Ongrid solar photovoltaic,12.42,,0.02,0.48,
Mauritania,Onshore wind energy,,,,,
Mauritania,Pumped storage,,,,,
Mauritania,Renewable hydropower,,,,,
Mauritania,Solar thermal energy,,,,,
Mauritius,Concentrated solar power,,,,,
Mauritius,Marine energy,,,,,
Mauritius,Nuclear,,,,,
Mauritius,Offgrid solar photovoltaic,,,,,
Mauritius,Offshore wind energy,,,,,
Mauritius,Ongrid solar photovoltaic,,,,,
Mauritius,Onshore wind energy,,,,,
Mauritius,Pumped storage,,,,,
Mauritius,Renewable hydropower,,,,,
Mauritius,Solar thermal energy,10.59,,,,
Mexico,Concentrated solar power,,,,,
Mexico,Marine energy,,,,,
Mexico,Nuclear,,,,,
Mexico,Offgrid solar photovoltaic,,,,,0
Mexico,Offshore wind energy,,,,,
Mexico,Ongrid solar photovoltaic,257.22,372.04,77.99,0.54,1.04
Mexico,Onshore wind energy,14.85,,,,
Mexico,Pumped storage,,,,,
Mexico,Renewable hydropower,,,217.62,,
Mexico,Solar thermal energy,,,0.06,0.13,
Micronesia (Federated States of),Concentrated solar power,,,,,
Micronesia (Federated States of),Marine energy,,,,,
Micronesia (Federated States of),Nuclear,,,,,
Micronesia (Federated States of),Offgrid solar photovoltaic,,,,,0.23
Micronesia (Federated States of),Offshore wind energy,,,,,
Micronesia (Federated States of),Ongrid solar photovoltaic,15.89,,,1,
Micronesia (Federated States of),Onshore wind energy,,,,,
Micronesia (Federated States of),Pumped storage,,,,,
Micronesia (Federated States of),Renewable hydropower,,,,1.4,
Micronesia (Federated States of),Solar thermal energy,,,,,
Mongolia,Concentrated solar power,,,,,
Mongolia,Marine energy,,,,,
Mongolia,Nuclear,0.01,,,,
Mongolia,Offgrid solar photovoltaic,,,,,0.01
Mongolia,Offshore wind energy,,,,,
Mongolia,Ongrid solar photovoltaic,10.17,31.63,,,
Mongolia,Onshore wind energy,,25.7,,,
Mongolia,Pumped storage,,,,,
Mongolia,Renewable hydropower,,,,0.05,0.08
Mongolia,Solar thermal energy,,,2.17,,
Montenegro,Concentrated solar power,,,,,
Montenegro,Marine energy,,,,,
Montenegro,Nuclear,0.01,,,,
Montenegro,Offgrid solar photovoltaic,,,,,
Montenegro,Offshore wind energy,,,,,
Montenegro,Ongrid solar photovoltaic,,,,,4.14
Montenegro,Onshore wind energy,,,,,59.07
Montenegro,Pumped storage,,,,,
Montenegro,Renewable hydropower,,16.95,,,
Montenegro,Solar thermal energy,,,,,
Montserrat,Concentrated solar power,,,,,
Montserrat,Marine energy,,,,,
Montserrat,Nuclear,,,,,
Montserrat,Offgrid solar photovoltaic,,,,,
Montserrat,Offshore wind energy,,,,,
Montserrat,Ongrid solar photovoltaic,,,,,
Montserrat,Onshore wind energy,,,,,
Montserrat,Pumped storage,,,,,
Montserrat,Renewable hydropower,,,,,
Montserrat,Solar thermal energy,,,,,
Morocco,Concentrated solar power,53.36,,,,11.01
Morocco,Marine energy,,,,,
Morocco,Nuclear,0.17,0.1,,0,
Morocco,Offgrid solar photovoltaic,,,,0.05,101.67
Morocco,Offshore wind energy,,,,,
Morocco,Ongrid solar photovoltaic,310.39,1.69,0.54,0,101.67
Morocco,Onshore wind energy,273.99,79.84,,51.23,0.88
Morocco,Pumped storage,,,,,
Morocco,Renewable hydropower,,168.76,,,0.46
Morocco,Solar thermal energy,0.01,,,,
Mozambique,Concentrated solar power,,,,,
Mozambique,Marine energy,,,,,
Mozambique,Nuclear,,,,,
Mozambique,Offgrid solar photovoltaic,6.21,,23.41,0.07,12.27
Mozambique,Offshore wind energy,,,,,
Mozambique,Ongrid solar photovoltaic,33.35,7.33,19.76,0.99,
Mozambique,Onshore wind energy,8.9,3.49,,0.08,
Mozambique,Pumped storage,,,,,
Mozambique,Renewable hydropower,8.9,,,105.16,
Mozambique,Solar thermal energy,19.15,,,,
Multilateral,Concentrated solar power,,,,,
Multilateral,Marine energy,,,,,
Multilateral,Nuclear,,,,,
Multilateral,Offgrid solar photovoltaic,0.16,,,6.88,
Multilateral,Offshore wind energy,,,,,
Multilateral,Ongrid solar photovoltaic,,,,,
Multilateral,Onshore wind energy,,,,,
Multilateral,Pumped storage,,,,,
Multilateral,Renewable hydropower,,,,,910.4
Multilateral,Solar thermal energy,,,,,
Myanmar,Concentrated solar power,,,,,
Myanmar,Marine energy,,,,,
Myanmar,Nuclear,0.01,,,,
Myanmar,Offgrid solar photovoltaic,,0.01,1,6.33,2.37
Myanmar,Offshore wind energy,,,,,
Myanmar,Ongrid solar photovoltaic,0.64,19.86,,,
Myanmar,Onshore wind energy,0.16,0.44,,,
Myanmar,Pumped storage,,,,,
Myanmar,Renewable hydropower,0.74,39.5,6.59,,
Myanmar,Solar thermal energy,1.85,1.08,,,
Namibia,Concentrated solar power,,,,,
Namibia,Marine energy,,,,,
Namibia,Nuclear,,,,,
Namibia,Offgrid solar photovoltaic,,,,,
Namibia,Offshore wind energy,,,,,
Namibia,Ongrid solar photovoltaic,,,,,
Namibia,Onshore wind energy,,,,,
Namibia,Pumped storage,,,,,
Namibia,Renewable hydropower,,,,,
Namibia,Solar thermal energy,,,,,
Nauru,Concentrated solar power,,,,,
Nauru,Marine energy,,,,,
Nauru,Nuclear,,,,,
Nauru,Offgrid solar photovoltaic,,,,,
Nauru,Offshore wind energy,,,,,
Nauru,Ongrid solar photovoltaic,23.31,,0.05,,
Nauru,Onshore wind energy,,,,,
Nauru,Pumped storage,,,,,
Nauru,Renewable hydropower,,,,,
Nauru,Solar thermal energy,,,,,
Nepal,Concentrated solar power,,,,,
Nepal,Marine energy,,,,,
Nepal,Nuclear,0.01,,,0,
Nepal,Offgrid solar photovoltaic,0,0.01,5.86,0.01,0.63
Nepal,Offshore wind energy,,,,,
Nepal,Ongrid solar photovoltaic,0.41,18.66,7.96,7.13,
Nepal,Onshore wind energy,,,,,
Nepal,Pumped storage,,,,,
Nepal,Renewable hydropower,340.71,40.58,69.65,14,14.9
Nepal,Solar thermal energy,,,,,
Netherlands (Kingdom of the),Concentrated solar power,,,,,
Netherlands (Kingdom of the),Marine energy,,,,,
Netherlands (Kingdom of the),Nuclear,,,,,
Netherlands (Kingdom of the),Offgrid solar photovoltaic,,,0.17,,
Netherlands (Kingdom of the),Offshore wind energy,,,550.11,12.79,
Netherlands (Kingdom of the),Ongrid solar photovoltaic,,,,,
Netherlands (Kingdom of the),Onshore wind energy,,,,,
Netherlands (Kingdom of the),Pumped storage,,,,,
Netherlands (Kingdom of the),Renewable hydropower,,,,,
Netherlands (Kingdom of the),Solar thermal energy,,,,,
New Caledonia,Concentrated solar power,,,,,
New Caledonia,Marine energy,,,,,
New Caledonia,Nuclear,,,,,
New Caledonia,Offgrid solar photovoltaic,,,,,
New Caledonia,Offshore wind energy,,,,,
New Caledonia,Ongrid solar photovoltaic,,,,,
New Caledonia,Onshore wind energy,,,,,
New Caledonia,Pumped storage,,,,,
New Caledonia,Renewable hydropower,,,,,
New Caledonia,Solar thermal energy,,,,,
Nicaragua,Concentrated solar power,,,,,
Nicaragua,Marine energy,,,,,
Nicaragua,Nuclear,,,,,
Nicaragua,Offgrid solar photovoltaic,0.17,,,,
Nicaragua,Offshore wind energy,,,,,
Nicaragua,Ongrid solar photovoltaic,,0.25,,0.02,
Nicaragua,Onshore wind energy,,0.11,,,
Nicaragua,Pumped storage,,,,,
Nicaragua,Renewable hydropower,,,,,0.78
Nicaragua,Solar thermal energy,,,,,
Niger (the),Concentrated solar power,,,,,
Niger (the),Marine energy,,,,,
Niger (the),Nuclear,,,,,
Niger (the),Offgrid solar photovoltaic,,0.01,247.43,0.01,
Niger (the),Offshore wind energy,,,,,
Niger (the),Ongrid solar photovoltaic,44.49,25.97,1.19,2.88,1.41
Niger (the),Onshore wind energy,,,,,0.34
Niger (the),Pumped storage,,,,,
Niger (the),Renewable hydropower,67.59,107.92,,,
Niger (the),Solar thermal energy,,,,,
Nigeria,Concentrated solar power,,,,,
Nigeria,Marine energy,,,,,
Nigeria,Nuclear,0,,,,
Nigeria,Offgrid solar photovoltaic,9.73,5.65,13.06,11.29,785.16
Nigeria,Offshore wind energy,,,,,
Nigeria,Ongrid solar photovoltaic,126.14,24.16,17.54,52.5,1.32
Nigeria,Onshore wind energy,,,,,
Nigeria,Pumped storage,,,,,
Nigeria,Renewable hydropower,,222.33,,,
Nigeria,Solar thermal energy,,,,,
Niue,Concentrated solar power,,,,,
Niue,Marine energy,,,,,
Niue,Nuclear,,,,,
Niue,Offgrid solar photovoltaic,,,,0.03,
Niue,Offshore wind energy,,,,,
Niue,Ongrid solar photovoltaic,,,,,0.11
Niue,Onshore wind energy,,,,,
Niue,Pumped storage,,,,,
Niue,Renewable hydropower,,,,,
Niue,Solar thermal energy,,,,,
North Macedonia,Concentrated solar power,,,,,
North Macedonia,Marine energy,,,,,
North Macedonia,Nuclear,,,,,
North Macedonia,Offgrid solar photovoltaic,,,,,
North Macedonia,Offshore wind energy,,,,,
North Macedonia,Ongrid solar photovoltaic,,7.6,,26.29,103.67
North Macedonia,Onshore wind energy,,,11.12,,
North Macedonia,Pumped storage,,,,,
North Macedonia,Renewable hydropower,,,,1.68,0.22
North Macedonia,Solar thermal energy,,,,,
Norway,Concentrated solar power,,,,,
Norway,Marine energy,,,,,
Norway,Nuclear,,,,,
Norway,Offgrid solar photovoltaic,,,,,
Norway,Offshore wind energy,,,,,
Norway,Ongrid solar photovoltaic,,,,,
Norway,Onshore wind energy,,,,,
Norway,Pumped storage,,,,,
Norway,Renewable hydropower,44.94,193.73,,51.19,
Norway,Solar thermal energy,,,,,
Oman,Concentrated solar power,,,,,
Oman,Marine energy,,,,,
Oman,Nuclear,,,,,
Oman,Offgrid solar photovoltaic,,,,,
Oman,Offshore wind energy,,,,,
Oman,Ongrid solar photovoltaic,,,,,
Oman,Onshore wind energy,,,,,
Oman,Pumped storage,,,,,
Oman,Renewable hydropower,,,,,
Oman,Solar thermal energy,,,,,
Pakistan,Concentrated solar power,,,,,
Pakistan,Marine energy,,,,,
Pakistan,Nuclear,,,,,
Pakistan,Offgrid solar photovoltaic,,,66.34,,206.34
Pakistan,Offshore wind energy,,,,,
Pakistan,Ongrid solar photovoltaic,28.6,224.49,42.63,2.4,3.2
Pakistan,Onshore wind energy,148.37,9.51,36.07,7.51,
Pakistan,Pumped storage,,,,,
Pakistan,Renewable hydropower,56.9,629.42,1037.04,66.61,375.24
Pakistan,Solar thermal energy,,,,,0.02
Palau,Concentrated solar power,,,,,
Palau,Marine energy,,,,,
Palau,Nuclear,,,,,
Palau,Offgrid solar photovoltaic,,,,16.28,
Palau,Offshore wind energy,,,,,
Palau,Ongrid solar photovoltaic,,,,21.55,4.1
Palau,Onshore wind energy,,,,,
Palau,Pumped storage,,,,,
Palau,Renewable hydropower,,,,,
Palau,Solar thermal energy,,,,,
Panama,Concentrated solar power,,,,,
Panama,Marine energy,0.01,,0.01,,
Panama,Nuclear,,,,,
Panama,Offgrid solar photovoltaic,,,,,
Panama,Offshore wind energy,,,,,
Panama,Ongrid solar photovoltaic,,,,,0.24
Panama,Onshore wind energy,,,,,
Panama,Pumped storage,,,,,
Panama,Renewable hydropower,,,,,
Panama,Solar thermal energy,,,,,
Papua New Guinea,Concentrated solar power,,,,,
Papua New Guinea,Marine energy,,,,,
Papua New Guinea,Nuclear,,,,,
Papua New Guinea,Offgrid solar photovoltaic,,,0.01,0.01,0.2
Papua New Guinea,Offshore wind energy,,,,,
Papua New Guinea,Ongrid solar photovoltaic,0.06,0.03,,,0.19
Papua New Guinea,Onshore wind energy,,,,,
Papua New Guinea,Pumped storage,,,,,
Papua New Guinea,Renewable hydropower,0.05,0.03,0.02,3.9,0.01
Papua New Guinea,Solar thermal energy,,,,,
Paraguay,Concentrated solar power,,,,,
Paraguay,Marine energy,,,,,
Paraguay,Nuclear,,,,,
Paraguay,Offgrid solar photovoltaic,,,,,
Paraguay,Offshore wind energy,,,,,
Paraguay,Ongrid solar photovoltaic,,,,,
Paraguay,Onshore wind energy,,,,,
Paraguay,Pumped storage,,,,,
Paraguay,Renewable hydropower,0.48,,0.04,,
Paraguay,Solar thermal energy,,,,,
Peru,Concentrated solar power,,,,,
Peru,Marine energy,,,,,
Peru,Nuclear,,,,,
Peru,Offgrid solar photovoltaic,0,,20.37,0.03,
Peru,Offshore wind energy,,,,,
Peru,Ongrid solar photovoltaic,0.07,0.05,,1,
Peru,Onshore wind energy,,,82.44,400,
Peru,Pumped storage,,,,,
Peru,Renewable hydropower,0.99,0.51,0.49,1.23,0.01
Peru,Solar thermal energy,,,,,
Philippines (the),Concentrated solar power,,,,,
Philippines (the),Marine energy,,,,,
Philippines (the),Nuclear,0.01,,,,
Philippines (the),Offgrid solar photovoltaic,0.13,6.43,,0.62,0.82
Philippines (the),Offshore wind energy,,,,,
Philippines (the),Ongrid solar photovoltaic,0.65,0.3,0.68,,1.36
Philippines (the),Onshore wind energy,,,,0.65,
Philippines (the),Pumped storage,,,,,
Philippines (the),Renewable hydropower,,,10.64,,
Philippines (the),Solar thermal energy,,,,,0.03
Poland,Concentrated solar power,,,,,
Poland,Marine energy,,,,,
Poland,Nuclear,,,,,
Poland,Offgrid solar photovoltaic,,,,,
Poland,Offshore wind energy,,,,,259.05
Poland,Ongrid solar photovoltaic,,20.78,,47.56,23.31
Poland,Onshore wind energy,143.9,408.98,113.13,68.2,68.67
Poland,Pumped storage,,,,,
Poland,Renewable hydropower,,,,,
Poland,Solar thermal energy,,,,,
Portugal,Concentrated solar power,,,,,
Portugal,Marine energy,,,,,
Portugal,Nuclear,,,,,
Portugal,Offgrid solar photovoltaic,,,,,
Portugal,Offshore wind energy,,,,,
Portugal,Ongrid solar photovoltaic,,,44.01,73.71,
Portugal,Onshore wind energy,53.87,73.3,,102.67,
Portugal,Pumped storage,,,,,
Portugal,Renewable hydropower,171.93,54.97,,,
Portugal,Solar thermal energy,,,,,
Qatar,Concentrated solar power,,,,,
Qatar,Marine energy,,,,,
Qatar,Nuclear,,,,,
Qatar,Offgrid solar photovoltaic,,,,,
Qatar,Offshore wind energy,,,,,
Qatar,Ongrid solar photovoltaic,,134.1,,,
Qatar,Onshore wind energy,,,,,
Qatar,Pumped storage,,,,,
Qatar,Renewable hydropower,,,,,
Qatar,Solar thermal energy,,,,,
Republic of Moldova (the),Concentrated solar power,,,,,
Republic of Moldova (the),Marine energy,,,,,
Republic of Moldova (the),Nuclear,0.18,0.02,,0.05,
Republic of Moldova (the),Offgrid solar photovoltaic,,,,,0.55
Republic of Moldova (the),Offshore wind energy,,,,,
Republic of Moldova (the),Ongrid solar photovoltaic,0.06,0.03,0.27,0.73,0.78
Republic of Moldova (the),Onshore wind energy,0.06,,,,
Republic of Moldova (the),Pumped storage,,,,,
Republic of Moldova (the),Renewable hydropower,,,,,
Republic of Moldova (the),Solar thermal energy,0,,,,0.02
Residual/unallocated ODA: Eastern and Southeastern Asia,Concentrated solar power,,,,,
Residual/unallocated ODA: Eastern and Southeastern Asia,Marine energy,,,,,
Residual/unallocated ODA: Eastern and Southeastern Asia,Nuclear,,,,,
Residual/unallocated ODA: Eastern and Southeastern Asia,Offgrid solar photovoltaic,,,,0.23,12
Residual/unallocated ODA: Eastern and Southeastern Asia,Offshore wind energy,,,,,
Residual/unallocated ODA: Eastern and Southeastern Asia,Ongrid solar photovoltaic,21.29,0.05,159.34,4.54,2.03
Residual/unallocated ODA: Eastern and Southeastern Asia,Onshore wind energy,,,0.06,0.38,
Residual/unallocated ODA: Eastern and Southeastern Asia,Pumped storage,,,,,
Residual/unallocated ODA: Eastern and Southeastern Asia,Renewable hydropower,,29.64,0.08,0.49,0.06
Residual/unallocated ODA: Eastern and Southeastern Asia,Solar thermal energy,,,,,
Residual/unallocated ODA: Oceania excl. Aus. and N. Zealand,Concentrated solar power,,,,,
Residual/unallocated ODA: Oceania excl. Aus. and N. Zealand,Marine energy,,,,,
Residual/unallocated ODA: Oceania excl. Aus. and N. Zealand,Nuclear,,4.38,,,
Residual/unallocated ODA: Oceania excl. Aus. and N. Zealand,Offgrid solar photovoltaic,,,,0.23,
Residual/unallocated ODA: Oceania excl. Aus. and N. Zealand,Offshore wind energy,,,,,
Residual/unallocated ODA: Oceania excl. Aus. and N. Zealand,Ongrid solar photovoltaic,1.59,,0.19,3.21,
Residual/unallocated ODA: Oceania excl. Aus. and N. Zealand,Onshore wind energy,0.16,,,0.02,
Residual/unallocated ODA: Oceania excl. Aus. and N. Zealand,Pumped storage,,,,,
Residual/unallocated ODA: Oceania excl. Aus. and N. Zealand,Renewable hydropower,0.95,,,0.13,
Residual/unallocated ODA: Oceania excl. Aus. and N. Zealand,Solar thermal energy,,,,,
Residual/unallocated ODA: SubSaharan Africa,Concentrated solar power,,,,,
Residual/unallocated ODA: SubSaharan Africa,Marine energy,,,,,
Residual/unallocated ODA: SubSaharan Africa,Nuclear,0.58,0.4,7.47,6.11,19.32
Residual/unallocated ODA: SubSaharan Africa,Offgrid solar photovoltaic,5.6,62.01,110.09,139.04,502.01
Residual/unallocated ODA: SubSaharan Africa,Offshore wind energy,,,,,
Residual/unallocated ODA: SubSaharan Africa,Ongrid solar photovoltaic,167.7,92.91,248.6,42.02,58.68
Residual/unallocated ODA: SubSaharan Africa,Onshore wind energy,57.31,,30.64,,8.15
Residual/unallocated ODA: SubSaharan Africa,Pumped storage,,,,,
Residual/unallocated ODA: SubSaharan Africa,Renewable hydropower,1.25,,228.4,74.36,58.86
Residual/unallocated ODA: SubSaharan Africa,Solar thermal energy,,,0.08,3.98,0.3
Residual/unallocated ODA: Western Asia and Northern Africa,Concentrated solar power,,,,,
Residual/unallocated ODA: Western Asia and Northern Africa,Marine energy,,,,,
Residual/unallocated ODA: Western Asia and Northern Africa,Nuclear,0.52,0.02,3.25,0.93,2.38
Residual/unallocated ODA: Western Asia and Northern Africa,Offgrid solar photovoltaic,,,,,
Residual/unallocated ODA: Western Asia and Northern Africa,Offshore wind energy,,,,,
Residual/unallocated ODA: Western Asia and Northern Africa,Ongrid solar photovoltaic,,,2.22,10.06,0.08
Residual/unallocated ODA: Western Asia and Northern Africa,Onshore wind energy,,,,,
Residual/unallocated ODA: Western Asia and Northern Africa,Pumped storage,,,,,
Residual/unallocated ODA: Western Asia and Northern Africa,Renewable hydropower,,,,,
Residual/unallocated ODA: Western Asia and Northern Africa,Solar thermal energy,,,,,
Romania,Concentrated solar power,,,,,
Romania,Marine energy,,,,,
Romania,Nuclear,,,,,
Romania,Offgrid solar photovoltaic,,,,,
Romania,Offshore wind energy,,,,,
Romania,Ongrid solar photovoltaic,,,,,
Romania,Onshore wind energy,,,,,
Romania,Pumped storage,,,,,
Romania,Renewable hydropower,,,,,
Romania,Solar thermal energy,,,,,
Russian Federation (the),Concentrated solar power,,,,,
Russian Federation (the),Marine energy,,,,,
Russian Federation (the),Nuclear,,,,,
Russian Federation (the),Offgrid solar photovoltaic,,,,,
Russian Federation (the),Offshore wind energy,,,,,
Russian Federation (the),Ongrid solar photovoltaic,,,,,
Russian Federation (the),Onshore wind energy,,,,,
Russian Federation (the),Pumped storage,,,,,
Russian Federation (the),Renewable hydropower,,,,,
Russian Federation (the),Solar thermal energy,,,,,
Rwanda,Concentrated solar power,,,,,
Rwanda,Marine energy,,,,,
Rwanda,Nuclear,,,,,
Rwanda,Offgrid solar photovoltaic,0.11,,82.75,0.35,281.78
Rwanda,Offshore wind energy,,,,,
Rwanda,Ongrid solar photovoltaic,,15.42,,,5.74
Rwanda,Onshore wind energy,,,,,
Rwanda,Pumped storage,,,,,
Rwanda,Renewable hydropower,,271.25,1.21,18.38,5.74
Rwanda,Solar thermal energy,,,,,
Réunion,Concentrated solar power,,,,,
Réunion,Marine energy,,,,,
Réunion,Nuclear,,,,,
Réunion,Offgrid solar photovoltaic,,,,,
Réunion,Offshore wind energy,,,,,
Réunion,Ongrid solar photovoltaic,,,,,
Réunion,Onshore wind energy,,,,,
Réunion,Pumped storage,,,,,
Réunion,Renewable hydropower,,,,,
Réunion,Solar thermal energy,,,,,
Saint Helena,Concentrated solar power,,,,,
Saint Helena,Marine energy,,,,,
Saint Helena,Nuclear,,,,,
Saint Helena,Offgrid solar photovoltaic,,,,,
Saint Helena,Offshore wind energy,,,,,
Saint Helena,Ongrid solar photovoltaic,,,,,
Saint Helena,Onshore wind energy,,,,,
Saint Helena,Pumped storage,,,,,
Saint Helena,Renewable hydropower,,,,,
Saint Helena,Solar thermal energy,,,,,
Saint Kitts and Nevis,Concentrated solar power,,,,,
Saint Kitts and Nevis,Marine energy,,,,,
Saint Kitts and Nevis,Nuclear,,,,,
Saint Kitts and Nevis,Offgrid solar photovoltaic,,,,,
Saint Kitts and Nevis,Offshore wind energy,,,,,
Saint Kitts and Nevis,Ongrid solar photovoltaic,,,,,
Saint Kitts and Nevis,Onshore wind energy,,,,,
Saint Kitts and Nevis,Pumped storage,,,,,
Saint Kitts and Nevis,Renewable hydropower,,,,,
Saint Kitts and Nevis,Solar thermal energy,,,,,
Saint Lucia,Concentrated solar power,,,,,
Saint Lucia,Marine energy,,,,,
Saint Lucia,Nuclear,,,,,
Saint Lucia,Offgrid solar photovoltaic,,,,0.67,
Saint Lucia,Offshore wind energy,,,,,
Saint Lucia,Ongrid solar photovoltaic,,,2.91,,
Saint Lucia,Onshore wind energy,,,,,
Saint Lucia,Pumped storage,,,,,
Saint Lucia,Renewable hydropower,,,,,
Saint Lucia,Solar thermal energy,,,,,
Saint Vincent and the Grenadines,Concentrated solar power,,,,,
Saint Vincent and the Grenadines,Marine energy,,,,,
Saint Vincent and the Grenadines,Nuclear,,,,,
Saint Vincent and the Grenadines,Offgrid solar photovoltaic,,,,,
Saint Vincent and the Grenadines,Offshore wind energy,,,,,
Saint Vincent and the Grenadines,Ongrid solar photovoltaic,,,,,
Saint Vincent and the Grenadines,Onshore wind energy,,,,,
Saint Vincent and the Grenadines,Pumped storage,,,,,
Saint Vincent and the Grenadines,Renewable hydropower,,,,,
Saint Vincent and the Grenadines,Solar thermal energy,,,,,
Samoa,Concentrated solar power,,,,,
Samoa,Marine energy,,,,,
Samoa,Nuclear,,,,,
Samoa,Offgrid solar photovoltaic,,,,,
Samoa,Offshore wind energy,,,,,
Samoa,Ongrid solar photovoltaic,,,,,1.17
Samoa,Onshore wind energy,,,,,
Samoa,Pumped storage,,,,,
Samoa,Renewable hydropower,,,,,
Samoa,Solar thermal energy,,,,,
Sao Tome and Principe,Concentrated solar power,,,,,
Sao Tome and Principe,Marine energy,,,,,
Sao Tome and Principe,Nuclear,,,,,
Sao Tome and Principe,Offgrid solar photovoltaic,,,1.07,,36.42
Sao Tome and Principe,Offshore wind energy,,,,,
Sao Tome and Principe,Ongrid solar photovoltaic,,,,,
Sao Tome and Principe,Onshore wind energy,,,,,
Sao Tome and Principe,Pumped storage,,,,,
Sao Tome and Principe,Renewable hydropower,,14.31,0.02,,
Sao Tome and Principe,Solar thermal energy,,,,,
Saudi Arabia,Concentrated solar power,,,,,
Saudi Arabia,Marine energy,,,,,
Saudi Arabia,Nuclear,,,,,
Saudi Arabia,Offgrid solar photovoltaic,,,,,
Saudi Arabia,Offshore wind energy,,,,,
Saudi Arabia,Ongrid solar photovoltaic,,,65.33,,
Saudi Arabia,Onshore wind energy,,,,,
Saudi Arabia,Pumped storage,,,,,
Saudi Arabia,Renewable hydropower,,,,,
Saudi Arabia,Solar thermal energy,,,,,
Senegal,Concentrated solar power,,,,,
Senegal,Marine energy,,,,,
Senegal,Nuclear,,,,,
Senegal,Offgrid solar photovoltaic,0.04,93.94,0.23,82.52,14.14
Senegal,Offshore wind energy,,,,,
Senegal,Ongrid solar photovoltaic,53.79,14.79,6.57,2.66,53.42
Senegal,Onshore wind energy,,0.02,0.63,,
Senegal,Pumped storage,,,,,
Senegal,Renewable hydropower,,,0.09,0,0.03
Senegal,Solar thermal energy,,,,,
Serbia,Concentrated solar power,,,,,
Serbia,Marine energy,,,,,
Serbia,Nuclear,,,,,
Serbia,Offgrid solar photovoltaic,,,,,23
Serbia,Offshore wind energy,,,,,
Serbia,Ongrid solar photovoltaic,,10.81,1.66,1.47,2.08
Serbia,Onshore wind energy,12.36,,2.47,28.01,
Serbia,Pumped storage,,,,,
Serbia,Renewable hydropower,,,,16.22,77.09
Serbia,Solar thermal energy,,,,,
Seychelles,Concentrated solar power,,,,,
Seychelles,Marine energy,,,,,
Seychelles,Nuclear,,,,,
Seychelles,Offgrid solar photovoltaic,,,,,
Seychelles,Offshore wind energy,,,,,
Seychelles,Ongrid solar photovoltaic,,,,,
Seychelles,Onshore wind energy,,,,,
Seychelles,Pumped storage,,,,,
Seychelles,Renewable hydropower,,,,,
Seychelles,Solar thermal energy,,,,,
Sierra Leone,Concentrated solar power,,,,,
Sierra Leone,Marine energy,,,,,
Sierra Leone,Nuclear,,,,,
Sierra Leone,Offgrid solar photovoltaic,,1.49,2.61,26.59,2.03
Sierra Leone,Offshore wind energy,,,,,
Sierra Leone,Ongrid solar photovoltaic,7.31,,10.99,0.63,5.27
Sierra Leone,Onshore wind energy,,,,,
Sierra Leone,Pumped storage,,,,,
Sierra Leone,Renewable hydropower,0.11,6.17,,,
Sierra Leone,Solar thermal energy,,,,0.02,0.02
Singapore,Concentrated solar power,,,,,
Singapore,Marine energy,,,,,
Singapore,Nuclear,,,,,
Singapore,Offgrid solar photovoltaic,,,,,
Singapore,Offshore wind energy,,,,,
Singapore,Ongrid solar photovoltaic,,,,,
Singapore,Onshore wind energy,,,,,
Singapore,Pumped storage,,,,,
Singapore,Renewable hydropower,,,,,
Singapore,Solar thermal energy,,,,,
Slovakia,Concentrated solar power,,,,,
Slovakia,Marine energy,,,,,
Slovakia,Nuclear,,,,,
Slovakia,Offgrid solar photovoltaic,,,,,
Slovakia,Offshore wind energy,,,,,
Slovakia,Ongrid solar photovoltaic,,,,,
Slovakia,Onshore wind energy,,,,,
Slovakia,Pumped storage,,,,,
Slovakia,Renewable hydropower,,,,,
Slovakia,Solar thermal energy,,,,,
Slovenia,Concentrated solar power,,,,,
Slovenia,Marine energy,,,,,
Slovenia,Nuclear,,,,,
Slovenia,Offgrid solar photovoltaic,,,,,
Slovenia,Offshore wind energy,,,,,
Slovenia,Ongrid solar photovoltaic,,,,,
Slovenia,Onshore wind energy,,,,,
Slovenia,Pumped storage,,,,,
Slovenia,Renewable hydropower,,,,,
Slovenia,Solar thermal energy,,,,,
Solomon Islands,Concentrated solar power,,,,,
Solomon Islands,Marine energy,,,,,
Solomon Islands,Nuclear,,,,,
Solomon Islands,Offgrid solar photovoltaic,,,,,2.4
Solomon Islands,Offshore wind energy,,,,,
Solomon Islands,Ongrid solar photovoltaic,,,,,
Solomon Islands,Onshore wind energy,,,,,
Solomon Islands,Pumped storage,,,,,
Solomon Islands,Renewable hydropower,48.78,0.6,,,0.24
Solomon Islands,Solar thermal energy,,,,,
Somalia,Concentrated solar power,,,,,
Somalia,Marine energy,,,,,
Somalia,Nuclear,,,,,
Somalia,Offgrid solar photovoltaic,2.22,0.17,145.49,14,98.65
Somalia,Offshore wind energy,,,,,
Somalia,Ongrid solar photovoltaic,0.36,,0.01,0,
Somalia,Onshore wind energy,0.07,,,,7.7
Somalia,Pumped storage,,,,,
Somalia,Renewable hydropower,,,,,
Somalia,Solar thermal energy,17.12,,,,
South Africa,Concentrated solar power,40.32,,,,
South Africa,Marine energy,,,,,
South Africa,Nuclear,0.1,,,,
South Africa,Offgrid solar photovoltaic,0.13,,0.05,439.5,299.86
South Africa,Offshore wind energy,,,,,
South Africa,Ongrid solar photovoltaic,0.17,0.09,0.01,42.82,129.81
South Africa,Onshore wind energy,,0.19,53.71,18.79,
South Africa,Pumped storage,,,,,
South Africa,Renewable hydropower,,,,,
South Africa,Solar thermal energy,,,,,
South Sudan,Concentrated solar power,,,,,
South Sudan,Marine energy,,,,,
South Sudan,Nuclear,,,,,
South Sudan,Offgrid solar photovoltaic,0.11,0.07,0.24,,25.94
South Sudan,Offshore wind energy,,,,,
South Sudan,Ongrid solar photovoltaic,,,,0.02,
South Sudan,Onshore wind energy,,,,,
South Sudan,Pumped storage,,,,,
South Sudan,Renewable hydropower,,,,,
South Sudan,Solar thermal energy,,,,,
Spain,Concentrated solar power,,,,,
Spain,Marine energy,,,,,
Spain,Nuclear,,,,,
Spain,Offgrid solar photovoltaic,395.43,,,0.75,
Spain,Offshore wind energy,,,,,
Spain,Ongrid solar photovoltaic,201.73,199.01,1053.78,1357.65,
Spain,Onshore wind energy,498.59,125.17,275.06,,
Spain,Pumped storage,,,,,
Spain,Renewable hydropower,,,,,
Spain,Solar thermal energy,,,,,
Sri Lanka,Concentrated solar power,,,,,
Sri Lanka,Marine energy,,,,,
Sri Lanka,Nuclear,0,,,,
Sri Lanka,Offgrid solar photovoltaic,,,,,
Sri Lanka,Offshore wind energy,,,,,
Sri Lanka,Ongrid solar photovoltaic,,,0.39,5.48,0.96
Sri Lanka,Onshore wind energy,,,,,
Sri Lanka,Pumped storage,,,,,
Sri Lanka,Renewable hydropower,,,,,
Sri Lanka,Solar thermal energy,,,,,
State of Palestine (the),Concentrated solar power,,,,,
State of Palestine (the),Marine energy,,,,,
State of Palestine (the),Nuclear,,,,,
State of Palestine (the),Offgrid solar photovoltaic,0.75,,4.85,1.31,0.33
State of Palestine (the),Offshore wind energy,,,,,
State of Palestine (the),Ongrid solar photovoltaic,16.1,11.59,0.82,19.19,0.58
State of Palestine (the),Onshore wind energy,,0.77,,,
State of Palestine (the),Pumped storage,,,,,
State of Palestine (the),Renewable hydropower,,,,,
State of Palestine (the),Solar thermal energy,0.31,,17.51,,
Sudan (the),Concentrated solar power,,,,,
Sudan (the),Marine energy,,,,,
Sudan (the),Nuclear,0,,,,
Sudan (the),Offgrid solar photovoltaic,1.52,,0,,
Sudan (the),Offshore wind energy,,,,,
Sudan (the),Ongrid solar photovoltaic,6.1,18.92,0.13,,
Sudan (the),Onshore wind energy,,,,,
Sudan (the),Pumped storage,,,,,
Sudan (the),Renewable hydropower,,,,,
Sudan (the),Solar thermal energy,,,,,0.2
Suriname,Concentrated solar power,,,,,
Suriname,Marine energy,,,,,
Suriname,Nuclear,,,,,
Suriname,Offgrid solar photovoltaic,,,,0.13,
Suriname,Offshore wind energy,,,,,
Suriname,Ongrid solar photovoltaic,,3.08,0.29,,
Suriname,Onshore wind energy,,,,,
Suriname,Pumped storage,,,,,
Suriname,Renewable hydropower,,,,,
Suriname,Solar thermal energy,,,,,
Sweden,Concentrated solar power,,,,,
Sweden,Marine energy,,,,,
Sweden,Nuclear,,,,,
Sweden,Offgrid solar photovoltaic,,,,,
Sweden,Offshore wind energy,,,,,
Sweden,Ongrid solar photovoltaic,,,,,
Sweden,Onshore wind energy,,,31.14,99.14,
Sweden,Pumped storage,,,,,
Sweden,Renewable hydropower,,,,,
Sweden,Solar thermal energy,,,,,
Switzerland,Concentrated solar power,,,,,
Switzerland,Marine energy,,,,,
Switzerland,Nuclear,,,,,
Switzerland,Offgrid solar photovoltaic,,,,,
Switzerland,Offshore wind energy,,,,,
Switzerland,Ongrid solar photovoltaic,,,,,
Switzerland,Onshore wind energy,,,,,
Switzerland,Pumped storage,,,,,
Switzerland,Renewable hydropower,,,,,
Switzerland,Solar thermal energy,,,,,
Syrian Arab Republic (the),Concentrated solar power,,,,,
Syrian Arab Republic (the),Marine energy,,,,,
Syrian Arab Republic (the),Nuclear,,,,,
Syrian Arab Republic (the),Offgrid solar photovoltaic,,,,0.59,0.05
Syrian Arab Republic (the),Offshore wind energy,,,,,
Syrian Arab Republic (the),Ongrid solar photovoltaic,,,,,
Syrian Arab Republic (the),Onshore wind energy,,,,,
Syrian Arab Republic (the),Pumped storage,,,,,
Syrian Arab Republic (the),Renewable hydropower,,,,,
Syrian Arab Republic (the),Solar thermal energy,,,,,
Tajikistan,Concentrated solar power,,,,,
Tajikistan,Marine energy,,,,,
Tajikistan,Nuclear,,,,,
Tajikistan,Offgrid solar photovoltaic,,5.55,0.1,,15.56
Tajikistan,Offshore wind energy,,,,,
Tajikistan,Ongrid solar photovoltaic,6.38,,,13.1,
Tajikistan,Onshore wind energy,6.38,,,,
Tajikistan,Pumped storage,,,,,
Tajikistan,Renewable hydropower,86.95,43.6,51.25,28.7,120.1
Tajikistan,Solar thermal energy,,,,,
Thailand,Concentrated solar power,,,,,
Thailand,Marine energy,,,,,
Thailand,Nuclear,,,,,
Thailand,Offgrid solar photovoltaic,,0.03,0.01,,0.03
Thailand,Offshore wind energy,,,,,
Thailand,Ongrid solar photovoltaic,0.05,24.18,22.1,31.37,0.09
Thailand,Onshore wind energy,104.05,31.71,,,
Thailand,Pumped storage,,,,,
Thailand,Renewable hydropower,,,,,0.99
Thailand,Solar thermal energy,,,,,
TimorLeste,Concentrated solar power,,,,,
TimorLeste,Marine energy,,,,,
TimorLeste,Nuclear,,,,,
TimorLeste,Offgrid solar photovoltaic,,,,,
TimorLeste,Offshore wind energy,,,,,
TimorLeste,Ongrid solar photovoltaic,,1.68,2.62,,
TimorLeste,Onshore wind energy,,,,,
TimorLeste,Pumped storage,,,,,
TimorLeste,Renewable hydropower,,,,,
TimorLeste,Solar thermal energy,,,,,
Togo,Concentrated solar power,,,,,
Togo,Marine energy,,,,,
Togo,Nuclear,,,,,
Togo,Offgrid solar photovoltaic,0.19,,22.34,1.81,17.98
Togo,Offshore wind energy,,,,,
Togo,Ongrid solar photovoltaic,,15.42,,0.06,2.7
Togo,Onshore wind energy,,,,,0
Togo,Pumped storage,,,,,
Togo,Renewable hydropower,,,,,
Togo,Solar thermal energy,,,,,0.01
Tokelau,Concentrated solar power,,,,,
Tokelau,Marine energy,,,,,
Tokelau,Nuclear,,,,,
Tokelau,Offgrid solar photovoltaic,,,,,
Tokelau,Offshore wind energy,,,,,
Tokelau,Ongrid solar photovoltaic,4.22,,,,
Tokelau,Onshore wind energy,,,,,
Tokelau,Pumped storage,,,,,
Tokelau,Renewable hydropower,,,,,
Tokelau,Solar thermal energy,,,,,
Tonga,Concentrated solar power,,,,,
Tonga,Marine energy,,,,,
Tonga,Nuclear,,,,,
Tonga,Offgrid solar photovoltaic,,,,,
Tonga,Offshore wind energy,,,,,
Tonga,Ongrid solar photovoltaic,,,,,
Tonga,Onshore wind energy,,,,,
Tonga,Pumped storage,,,,,
Tonga,Renewable hydropower,,,,,
Tonga,Solar thermal energy,,,,,
Trinidad and Tobago,Concentrated solar power,,,,,
Trinidad and Tobago,Marine energy,,,,,
Trinidad and Tobago,Nuclear,,,,,
Trinidad and Tobago,Offgrid solar photovoltaic,,,,,
Trinidad and Tobago,Offshore wind energy,,,,,
Trinidad and Tobago,Ongrid solar photovoltaic,,,,,
Trinidad and Tobago,Onshore wind energy,,,,,
Trinidad and Tobago,Pumped storage,,,,,
Trinidad and Tobago,Renewable hydropower,,,,,
Trinidad and Tobago,Solar thermal energy,,,,,
Tunisia,Concentrated solar power,,,,,
Tunisia,Marine energy,,,,,
Tunisia,Nuclear,0.07,0,,,
Tunisia,Offgrid solar photovoltaic,,,,,221.8
Tunisia,Offshore wind energy,,,,,
Tunisia,Ongrid solar photovoltaic,2.75,1.37,19.38,0.34,40.27
Tunisia,Onshore wind energy,,0.4,,,0.94
Tunisia,Pumped storage,,,,,
Tunisia,Renewable hydropower,,,,,
Tunisia,Solar thermal energy,,,0.55,,
Turkmenistan,Concentrated solar power,,,,,
Turkmenistan,Marine energy,,,,,
Turkmenistan,Nuclear,,,,,
Turkmenistan,Offgrid solar photovoltaic,,,,,
Turkmenistan,Offshore wind energy,,,,,
Turkmenistan,Ongrid solar photovoltaic,,,,,
Turkmenistan,Onshore wind energy,,,,,
Turkmenistan,Pumped storage,,,,,
Turkmenistan,Renewable hydropower,,,,,
Turkmenistan,Solar thermal energy,,,,,
Tuvalu,Concentrated solar power,,,,,
Tuvalu,Marine energy,,,,,
Tuvalu,Nuclear,,,,,
Tuvalu,Offgrid solar photovoltaic,,,,,
Tuvalu,Offshore wind energy,,,,,
Tuvalu,Ongrid solar photovoltaic,6.53,0.05,,,
Tuvalu,Onshore wind energy,,,,,
Tuvalu,Pumped storage,,,,,
Tuvalu,Renewable hydropower,,,,,
Tuvalu,Solar thermal energy,,,,,
Türkiye,Concentrated solar power,,,,,
Türkiye,Marine energy,,,,,
Türkiye,Nuclear,,,,,
Türkiye,Offgrid solar photovoltaic,,,,6.2,533
Türkiye,Offshore wind energy,,,,,
Türkiye,Ongrid solar photovoltaic,,,6.37,,
Türkiye,Onshore wind energy,,,,44.37,169.18
Türkiye,Pumped storage,,,,,
Türkiye,Renewable hydropower,,8.94,,,66.74
Türkiye,Solar thermal energy,,,,,
Uganda,Concentrated solar power,,,,,
Uganda,Marine energy,,,,,
Uganda,Nuclear,,,,,
Uganda,Offgrid solar photovoltaic,0.23,11.99,0.09,528.27,3.4
Uganda,Offshore wind energy,,,,,
Uganda,Ongrid solar photovoltaic,3.61,0.5,0.01,0.82,0.19
Uganda,Onshore wind energy,,,,,
Uganda,Pumped storage,,,,,
Uganda,Renewable hydropower,74.83,0.49,0.49,10.64,225.51
Uganda,Solar thermal energy,,,,,
Ukraine,Concentrated solar power,,,,,
Ukraine,Marine energy,,,,,
Ukraine,Nuclear,7.86,7.87,6.02,0.61,36.06
Ukraine,Offgrid solar photovoltaic,,,,,0.09
Ukraine,Offshore wind energy,,,,,
Ukraine,Ongrid solar photovoltaic,37.46,,102.43,0.49,4.44
Ukraine,Onshore wind energy,165.48,,,,0.72
Ukraine,Pumped storage,,,,,
Ukraine,Renewable hydropower,,,85.84,,
Ukraine,Solar thermal energy,,,,,0.09
United Arab Emirates (the),Concentrated solar power,,,,,
United Arab Emirates (the),Marine energy,,,,,
United Arab Emirates (the),Nuclear,,,,,
United Arab Emirates (the),Offgrid solar photovoltaic,,,,300.25,
United Arab Emirates (the),Offshore wind energy,,,,,
United Arab Emirates (the),Ongrid solar photovoltaic,,,,,
United Arab Emirates (the),Onshore wind energy,,,,,
United Arab Emirates (the),Pumped storage,,,,,
United Arab Emirates (the),Renewable hydropower,,,,,
United Arab Emirates (the),Solar thermal energy,,,,,
United Kingdom of Great Britain and Northern Ireland (the),Concentrated solar power,,,,,
United Kingdom of Great Britain and Northern Ireland (the),Marine energy,,,,,
United Kingdom of Great Britain and Northern Ireland (the),Nuclear,,,,,
United Kingdom of Great Britain and Northern Ireland (the),Offgrid solar photovoltaic,,,,,332.5
United Kingdom of Great Britain and Northern Ireland (the),Offshore wind energy,,,632.4,,
United Kingdom of Great Britain and Northern Ireland (the),Ongrid solar photovoltaic,,,,,
United Kingdom of Great Britain and Northern Ireland (the),Onshore wind energy,,,,,
United Kingdom of Great Britain and Northern Ireland (the),Pumped storage,,,,,
United Kingdom of Great Britain and Northern Ireland (the),Renewable hydropower,,,,,
United Kingdom of Great Britain and Northern Ireland (the),Solar thermal energy,,,,,
United Republic of Tanzania (the),Concentrated solar power,,,,,
United Republic of Tanzania (the),Marine energy,,,,,
United Republic of Tanzania (the),Nuclear,,,,,
United Republic of Tanzania (the),Offgrid solar photovoltaic,,0.01,0.04,0.04,288.07
United Republic of Tanzania (the),Offshore wind energy,,,,,
United Republic of Tanzania (the),Ongrid solar photovoltaic,0.56,1.66,202.03,,0.85
United Republic of Tanzania (the),Onshore wind energy,0.39,1.11,,,
United Republic of Tanzania (the),Pumped storage,,,,,
United Republic of Tanzania (the),Renewable hydropower,0.76,,118.51,,263.73
United Republic of Tanzania (the),Solar thermal energy,,,,,0.02
United States of America (the),Concentrated solar power,,,,,
United States of America (the),Marine energy,,,,,
United States of America (the),Nuclear,,,,,
United States of America (the),Offgrid solar photovoltaic,,,,,
United States of America (the),Offshore wind energy,,,,,
United States of America (the),Ongrid solar photovoltaic,,,,,
United States of America (the),Onshore wind energy,,,,,
United States of America (the),Pumped storage,,,,,
United States of America (the),Renewable hydropower,,,,,
United States of America (the),Solar thermal energy,,,,,
Uruguay,Concentrated solar power,,,,,
Uruguay,Marine energy,,,,,
Uruguay,Nuclear,,,,,
Uruguay,Offgrid solar photovoltaic,,,,,
Uruguay,Offshore wind energy,,,,,
Uruguay,Ongrid solar photovoltaic,,,,,
Uruguay,Onshore wind energy,,,,,
Uruguay,Pumped storage,,,,,
Uruguay,Renewable hydropower,,,,,
Uruguay,Solar thermal energy,,,,,
Uzbekistan,Concentrated solar power,,,,,
Uzbekistan,Marine energy,,,,,
Uzbekistan,Nuclear,0,0.24,,,
Uzbekistan,Offgrid solar photovoltaic,,,,,381.59
Uzbekistan,Offshore wind energy,,,,,
Uzbekistan,Ongrid solar photovoltaic,0.02,31.1,71.8,,569.39
Uzbekistan,Onshore wind energy,,,,582.39,245.64
Uzbekistan,Pumped storage,,,,,
Uzbekistan,Renewable hydropower,29.19,123.23,0.05,,
Uzbekistan,Solar thermal energy,,,,135.85,
Vanuatu,Concentrated solar power,,,,,
Vanuatu,Marine energy,,,,,
Vanuatu,Nuclear,,,,,
Vanuatu,Offgrid solar photovoltaic,0.79,0.06,,0.01,0.02
Vanuatu,Offshore wind energy,,,,,
Vanuatu,Ongrid solar photovoltaic,0,,,,0.1
Vanuatu,Onshore wind energy,,,,,
Vanuatu,Pumped storage,,,,,
Vanuatu,Renewable hydropower,0.05,,0.5,30.06,4.35
Vanuatu,Solar thermal energy,,,,,
Venezuela (Bolivarian Republic of),Concentrated solar power,,,,,
Venezuela (Bolivarian Republic of),Marine energy,,,,,
Venezuela (Bolivarian Republic of),Nuclear,,,,,
Venezuela (Bolivarian Republic of),Offgrid solar photovoltaic,,,,,
Venezuela (Bolivarian Republic of),Offshore wind energy,,,,,
Venezuela (Bolivarian Republic of),Ongrid solar photovoltaic,,,,,
Venezuela (Bolivarian Republic of),Onshore wind energy,,,,,
Venezuela (Bolivarian Republic of),Pumped storage,,,,,
Venezuela (Bolivarian Republic of),Renewable hydropower,,,0.03,,
Venezuela (Bolivarian Republic of),Solar thermal energy,,,,,
Viet Nam,Concentrated solar power,,,,,
Viet Nam,Marine energy,,,,,
Viet Nam,Nuclear,0.02,,,,
Viet Nam,Offgrid solar photovoltaic,,,,0.07,0
Viet Nam,Offshore wind energy,,,,,
Viet Nam,Ongrid solar photovoltaic,45.98,46.26,128.01,105.14,26.79
Viet Nam,Onshore wind energy,,10.43,85.74,25,
Viet Nam,Pumped storage,,,,,
Viet Nam,Renewable hydropower,0,55.43,202.73,,
Viet Nam,Solar thermal energy,,,,,
Yemen,Concentrated solar power,,,,,
Yemen,Marine energy,,,,,
Yemen,Nuclear,,,,,
Yemen,Offgrid solar photovoltaic,,1.1,,130,
Yemen,Offshore wind energy,,,,,
Yemen,Ongrid solar photovoltaic,1.27,,,,
Yemen,Onshore wind energy,,,,,
Yemen,Pumped storage,,,,,
Yemen,Renewable hydropower,,,,,
Yemen,Solar thermal energy,,,,,
Zambia,Concentrated solar power,,,,,
Zambia,Marine energy,,,,,
Zambia,Nuclear,,,,,
Zambia,Offgrid solar photovoltaic,,0.25,0.72,5.66,2.31
Zambia,Offshore wind energy,,,,,
Zambia,Ongrid solar photovoltaic,11.63,0.51,0.05,5.61,19.17
Zambia,Onshore wind energy,,,,,
Zambia,Pumped storage,,,,,
Zambia,Renewable hydropower,46.63,12.52,,15.77,0.33
Zambia,Solar thermal energy,,,,,
Zimbabwe,Concentrated solar power,,,,,
Zimbabwe,Marine energy,,,,,
Zimbabwe,Nuclear,,,,,
Zimbabwe,Offgrid solar photovoltaic,0.24,0.03,,,0.78
Zimbabwe,Offshore wind energy,,,,,
Zimbabwe,Ongrid solar photovoltaic,0.03,,,0.02,0.09
Zimbabwe,Onshore wind energy,,,,,
Zimbabwe,Pumped storage,,,,,
Zimbabwe,Renewable hydropower,,,0,0.16,0.16
Zimbabwe,Solar thermal energy,,,,,0.15
