Country or Area,Commodity - Transaction,Year,Quantity
Afghanistan,"Total hydro production - Kilowatt-hours, million",2023,1222
Afghanistan,"Total hydro production - Kilowatt-hours, million",2022,1220
Afghanistan,"Total hydro production - Kilowatt-hours, million",2021,1215
Afghanistan,"Total hydro production - Kilowatt-hours, million",2020,1180.67
Afghanistan,"Total hydro production - Kilowatt-hours, million",2019,1388.04
Albania,"Total hydro production - Kilowatt-hours, million",2023,8708.557
Albania,"Total hydro production - Kilowatt-hours, million",2022,6841.751
Albania,"Total hydro production - Kilowatt-hours, million",2021,8921.94
Albania,"Total hydro production - Kilowatt-hours, million",2020,5280.901
Albania,"Total hydro production - Kilowatt-hours, million",2019,5183.847
Algeria,"Total hydro production - Kilowatt-hours, million",2022,16.403
Algeria,"Total hydro production - Kilowatt-hours, million",2021,9
Algeria,"Total hydro production - Kilowatt-hours, million",2020,49.6
Algeria,"Total hydro production - Kilowatt-hours, million",2019,152
Andorra,"Total hydro production - Kilowatt-hours, million",2023,69.934
Andorra,"Total hydro production - Kilowatt-hours, million",2022,69.6
Andorra,"Total hydro production - Kilowatt-hours, million",2021,78.8
Andorra,"Total hydro production - Kilowatt-hours, million",2020,123.7
Andorra,"Total hydro production - Kilowatt-hours, million",2019,84.67
Angola,"Total hydro production - Kilowatt-hours, million",2022,12318.18
Angola,"Total hydro production - Kilowatt-hours, million",2021,11203.18
Angola,"Total hydro production - Kilowatt-hours, million",2020,12478.22
Angola,"Total hydro production - Kilowatt-hours, million",2019,10826.28
Argentina,"Total hydro production - Kilowatt-hours, million",2023,40829
Argentina,"Total hydro production - Kilowatt-hours, million",2022,23580
Argentina,"Total hydro production - Kilowatt-hours, million",2021,20186
Argentina,"Total hydro production - Kilowatt-hours, million",2020,24261.679
Argentina,"Total hydro production - Kilowatt-hours, million",2019,36878
Armenia,"Total hydro production - Kilowatt-hours, million",2022,1939.927
Armenia,"Total hydro production - Kilowatt-hours, million",2021,2201.725
Armenia,"Total hydro production - Kilowatt-hours, million",2020,1778.351
Armenia,"Total hydro production - Kilowatt-hours, million",2019,2370.943
Australia,"Total hydro production - Kilowatt-hours, million",2022,17010.891
Australia,"Total hydro production - Kilowatt-hours, million",2021,15199.688
Australia,"Total hydro production - Kilowatt-hours, million",2020,15149.633
Australia,"Total hydro production - Kilowatt-hours, million",2019,15967
Austria,"Total hydro production - Kilowatt-hours, million",2022,39221.112
Austria,"Total hydro production - Kilowatt-hours, million",2021,42539.793
Austria,"Total hydro production - Kilowatt-hours, million",2020,45343.976
Austria,"Total hydro production - Kilowatt-hours, million",2019,44204.02
Azerbaijan,"Total hydro production - Kilowatt-hours, million",2022,1595.7
Azerbaijan,"Total hydro production - Kilowatt-hours, million",2021,1277.3
Azerbaijan,"Total hydro production - Kilowatt-hours, million",2020,1069.5
Azerbaijan,"Total hydro production - Kilowatt-hours, million",2019,1564.8
Bangladesh,"Total hydro production - Kilowatt-hours, million",2022,746
Bangladesh,"Total hydro production - Kilowatt-hours, million",2021,657
Bangladesh,"Total hydro production - Kilowatt-hours, million",2020,874.5
Bangladesh,"Total hydro production - Kilowatt-hours, million",2019,768.5
Belarus,"Total hydro production - Kilowatt-hours, million",2022,371
Belarus,"Total hydro production - Kilowatt-hours, million",2021,371
Belarus,"Total hydro production - Kilowatt-hours, million",2020,399
Belarus,"Total hydro production - Kilowatt-hours, million",2019,350
Belgium,"Total hydro production - Kilowatt-hours, million",2022,1645.7
Belgium,"Total hydro production - Kilowatt-hours, million",2021,1349.8
Belgium,"Total hydro production - Kilowatt-hours, million",2020,1314.6
Belgium,"Total hydro production - Kilowatt-hours, million",2019,1181.2
Belize,"Total hydro production - Kilowatt-hours, million",2023,242.5
Belize,"Total hydro production - Kilowatt-hours, million",2022,238.9
Belize,"Total hydro production - Kilowatt-hours, million",2021,157.619
Belize,"Total hydro production - Kilowatt-hours, million",2020,242.133
Belize,"Total hydro production - Kilowatt-hours, million",2019,74.71
Benin,"Total hydro production - Kilowatt-hours, million",2020,0.072
Benin,"Total hydro production - Kilowatt-hours, million",2019,0.072
Bhutan,"Total hydro production - Kilowatt-hours, million",2023,10515.11
Bhutan,"Total hydro production - Kilowatt-hours, million",2022,10960
Bhutan,"Total hydro production - Kilowatt-hours, million",2021,11369.83
Bhutan,"Total hydro production - Kilowatt-hours, million",2020,11369.72
Bhutan,"Total hydro production - Kilowatt-hours, million",2019,8856.92
Bolivia (Plur. State of),"Total hydro production - Kilowatt-hours, million",2022,2851.75
Bolivia (Plur. State of),"Total hydro production - Kilowatt-hours, million",2021,3236.83
Bolivia (Plur. State of),"Total hydro production - Kilowatt-hours, million",2020,2942.18
Bolivia (Plur. State of),"Total hydro production - Kilowatt-hours, million",2019,3251.2
Bosnia and Herzegovina,"Total hydro production - Kilowatt-hours, million",2022,4739
Bosnia and Herzegovina,"Total hydro production - Kilowatt-hours, million",2021,6796
Bosnia and Herzegovina,"Total hydro production - Kilowatt-hours, million",2020,4663
Bosnia and Herzegovina,"Total hydro production - Kilowatt-hours, million",2019,6172
Brazil,"Total hydro production - Kilowatt-hours, million",2023,425996.087
Brazil,"Total hydro production - Kilowatt-hours, million",2022,427113.549
Brazil,"Total hydro production - Kilowatt-hours, million",2021,362818.451
Brazil,"Total hydro production - Kilowatt-hours, million",2020,396328
Brazil,"Total hydro production - Kilowatt-hours, million",2019,397877
Bulgaria,"Total hydro production - Kilowatt-hours, million",2022,3833.256
Bulgaria,"Total hydro production - Kilowatt-hours, million",2021,5067.133
Bulgaria,"Total hydro production - Kilowatt-hours, million",2020,3320.258
Bulgaria,"Total hydro production - Kilowatt-hours, million",2019,3382.745
Burkina Faso,"Total hydro production - Kilowatt-hours, million",2023,88
Burkina Faso,"Total hydro production - Kilowatt-hours, million",2022,82.4
Burkina Faso,"Total hydro production - Kilowatt-hours, million",2021,127.5
Burkina Faso,"Total hydro production - Kilowatt-hours, million",2020,112.4
Burkina Faso,"Total hydro production - Kilowatt-hours, million",2019,105.317
Burundi,"Total hydro production - Kilowatt-hours, million",2023,242.473
Burundi,"Total hydro production - Kilowatt-hours, million",2022,167.199
Burundi,"Total hydro production - Kilowatt-hours, million",2021,130.704
Burundi,"Total hydro production - Kilowatt-hours, million",2020,175.959
Burundi,"Total hydro production - Kilowatt-hours, million",2019,132.044
Cambodia,"Total hydro production - Kilowatt-hours, million",2022,6157.347
Cambodia,"Total hydro production - Kilowatt-hours, million",2021,5249.286
Cambodia,"Total hydro production - Kilowatt-hours, million",2020,4048.364
Cambodia,"Total hydro production - Kilowatt-hours, million",2019,4025
Cameroon,"Total hydro production - Kilowatt-hours, million",2022,7032.749
Cameroon,"Total hydro production - Kilowatt-hours, million",2021,6308.682
Cameroon,"Total hydro production - Kilowatt-hours, million",2020,4945.4
Cameroon,"Total hydro production - Kilowatt-hours, million",2019,5229.445
Canada,"Total hydro production - Kilowatt-hours, million",2022,397727
Canada,"Total hydro production - Kilowatt-hours, million",2021,383963
Canada,"Total hydro production - Kilowatt-hours, million",2020,386617
Canada,"Total hydro production - Kilowatt-hours, million",2019,381843
Central African Rep.,"Total hydro production - Kilowatt-hours, million",2023,142.69
Central African Rep.,"Total hydro production - Kilowatt-hours, million",2022,141.27
Central African Rep.,"Total hydro production - Kilowatt-hours, million",2021,140.081
Central African Rep.,"Total hydro production - Kilowatt-hours, million",2020,140.081
Central African Rep.,"Total hydro production - Kilowatt-hours, million",2019,140.325
Chile,"Total hydro production - Kilowatt-hours, million",2022,20684.438
Chile,"Total hydro production - Kilowatt-hours, million",2021,19347.883
Chile,"Total hydro production - Kilowatt-hours, million",2020,21873.09
Chile,"Total hydro production - Kilowatt-hours, million",2019,22477.013
China,"Total hydro production - Kilowatt-hours, million",2022,1352195
China,"Total hydro production - Kilowatt-hours, million",2021,1339000
China,"Total hydro production - Kilowatt-hours, million",2020,1355210
China,"Total hydro production - Kilowatt-hours, million",2019,1304440
Colombia,"Total hydro production - Kilowatt-hours, million",2022,62248.191
Colombia,"Total hydro production - Kilowatt-hours, million",2021,62318.28
Colombia,"Total hydro production - Kilowatt-hours, million",2020,49977.353
Colombia,"Total hydro production - Kilowatt-hours, million",2019,54593.646
Congo,"Total hydro production - Kilowatt-hours, million",2022,1119
Congo,"Total hydro production - Kilowatt-hours, million",2021,989
Congo,"Total hydro production - Kilowatt-hours, million",2020,900.45
Congo,"Total hydro production - Kilowatt-hours, million",2019,846.89
Costa Rica,"Total hydro production - Kilowatt-hours, million",2022,9448.709
Costa Rica,"Total hydro production - Kilowatt-hours, million",2021,9285.714
Costa Rica,"Total hydro production - Kilowatt-hours, million",2020,8294.32
Costa Rica,"Total hydro production - Kilowatt-hours, million",2019,7826.661
Côte d'Ivoire,"Total hydro production - Kilowatt-hours, million",2022,2846
Côte d'Ivoire,"Total hydro production - Kilowatt-hours, million",2021,2626
Côte d'Ivoire,"Total hydro production - Kilowatt-hours, million",2020,3376
Côte d'Ivoire,"Total hydro production - Kilowatt-hours, million",2019,3481
Croatia,"Total hydro production - Kilowatt-hours, million",2022,5573.7
Croatia,"Total hydro production - Kilowatt-hours, million",2021,7228.7
Croatia,"Total hydro production - Kilowatt-hours, million",2020,5810.4
Croatia,"Total hydro production - Kilowatt-hours, million",2019,5932.6
Cuba,"Total hydro production - Kilowatt-hours, million",2022,120.2
Cuba,"Total hydro production - Kilowatt-hours, million",2021,119.7
Cuba,"Total hydro production - Kilowatt-hours, million",2020,111.9
Cuba,"Total hydro production - Kilowatt-hours, million",2019,124.5
Czechia,"Total hydro production - Kilowatt-hours, million",2022,3083.174
Czechia,"Total hydro production - Kilowatt-hours, million",2021,3619.924
Czechia,"Total hydro production - Kilowatt-hours, million",2020,3436.963
Czechia,"Total hydro production - Kilowatt-hours, million",2019,3174.686
Dem. Rep. of the Congo,"Total hydro production - Kilowatt-hours, million",2022,13191.911
Dem. Rep. of the Congo,"Total hydro production - Kilowatt-hours, million",2021,13131.045
Dem. Rep. of the Congo,"Total hydro production - Kilowatt-hours, million",2020,12452.941
Dem. Rep. of the Congo,"Total hydro production - Kilowatt-hours, million",2019,11482.61
Denmark,"Total hydro production - Kilowatt-hours, million",2022,14.944
Denmark,"Total hydro production - Kilowatt-hours, million",2021,16.294
Denmark,"Total hydro production - Kilowatt-hours, million",2020,17.064
Denmark,"Total hydro production - Kilowatt-hours, million",2019,16.956
Dominica,"Total hydro production - Kilowatt-hours, million",2023,23.89
Dominica,"Total hydro production - Kilowatt-hours, million",2022,22.691
Dominica,"Total hydro production - Kilowatt-hours, million",2021,19.822
Dominica,"Total hydro production - Kilowatt-hours, million",2020,19.24
Dominica,"Total hydro production - Kilowatt-hours, million",2019,20.15
Dominican Republic,"Total hydro production - Kilowatt-hours, million",2022,1298.38
Dominican Republic,"Total hydro production - Kilowatt-hours, million",2021,1858.97
Dominican Republic,"Total hydro production - Kilowatt-hours, million",2020,1574.5
Dominican Republic,"Total hydro production - Kilowatt-hours, million",2019,1298.38
Ecuador,"Total hydro production - Kilowatt-hours, million",2023,25348.72
Ecuador,"Total hydro production - Kilowatt-hours, million",2022,24635.157
Ecuador,"Total hydro production - Kilowatt-hours, million",2021,25574.611
Ecuador,"Total hydro production - Kilowatt-hours, million",2020,24333.262
Ecuador,"Total hydro production - Kilowatt-hours, million",2019,24640.573
Egypt,"Total hydro production - Kilowatt-hours, million",2022,14646
Egypt,"Total hydro production - Kilowatt-hours, million",2021,14769
Egypt,"Total hydro production - Kilowatt-hours, million",2020,15038
Egypt,"Total hydro production - Kilowatt-hours, million",2019,13121
El Salvador,"Total hydro production - Kilowatt-hours, million",2023,1568.303
El Salvador,"Total hydro production - Kilowatt-hours, million",2022,2234.127
El Salvador,"Total hydro production - Kilowatt-hours, million",2021,1816.97064
El Salvador,"Total hydro production - Kilowatt-hours, million",2020,2066.60148
El Salvador,"Total hydro production - Kilowatt-hours, million",2019,1522.16409
Equatorial Guinea,"Total hydro production - Kilowatt-hours, million",2023,600
Equatorial Guinea,"Total hydro production - Kilowatt-hours, million",2022,600
Equatorial Guinea,"Total hydro production - Kilowatt-hours, million",2021,620
Equatorial Guinea,"Total hydro production - Kilowatt-hours, million",2020,620
Equatorial Guinea,"Total hydro production - Kilowatt-hours, million",2019,620
Estonia,"Total hydro production - Kilowatt-hours, million",2022,23
Estonia,"Total hydro production - Kilowatt-hours, million",2021,23
Estonia,"Total hydro production - Kilowatt-hours, million",2020,30
Estonia,"Total hydro production - Kilowatt-hours, million",2019,19
Eswatini,"Total hydro production - Kilowatt-hours, million",2023,306
Eswatini,"Total hydro production - Kilowatt-hours, million",2022,294.52
Eswatini,"Total hydro production - Kilowatt-hours, million",2021,270.268
Eswatini,"Total hydro production - Kilowatt-hours, million",2020,233
Eswatini,"Total hydro production - Kilowatt-hours, million",2019,269.602
Ethiopia,"Total hydro production - Kilowatt-hours, million",2022,16770.811
Ethiopia,"Total hydro production - Kilowatt-hours, million",2021,14882.49
Ethiopia,"Total hydro production - Kilowatt-hours, million",2020,14942.83
Ethiopia,"Total hydro production - Kilowatt-hours, million",2019,14403.7
Faeroe Islands,"Total hydro production - Kilowatt-hours, million",2023,100.2
Faeroe Islands,"Total hydro production - Kilowatt-hours, million",2022,130.864
Faeroe Islands,"Total hydro production - Kilowatt-hours, million",2021,100.3
Faeroe Islands,"Total hydro production - Kilowatt-hours, million",2020,108.7
Faeroe Islands,"Total hydro production - Kilowatt-hours, million",2019,103.5
Fiji,"Total hydro production - Kilowatt-hours, million",2023,600
Fiji,"Total hydro production - Kilowatt-hours, million",2022,598.096
Fiji,"Total hydro production - Kilowatt-hours, million",2021,547.862
Fiji,"Total hydro production - Kilowatt-hours, million",2020,558.173
Fiji,"Total hydro production - Kilowatt-hours, million",2019,559.392
Finland,"Total hydro production - Kilowatt-hours, million",2022,13491
Finland,"Total hydro production - Kilowatt-hours, million",2021,15792
Finland,"Total hydro production - Kilowatt-hours, million",2020,15883
Finland,"Total hydro production - Kilowatt-hours, million",2019,12421
France,"Total hydro production - Kilowatt-hours, million",2022,51049.096
France,"Total hydro production - Kilowatt-hours, million",2021,63946.742
France,"Total hydro production - Kilowatt-hours, million",2020,67094.32
France,"Total hydro production - Kilowatt-hours, million",2019,61572.316
French Polynesia,"Total hydro production - Kilowatt-hours, million",2023,198.5
French Polynesia,"Total hydro production - Kilowatt-hours, million",2022,194.4
French Polynesia,"Total hydro production - Kilowatt-hours, million",2021,142.283
French Polynesia,"Total hydro production - Kilowatt-hours, million",2020,159.3
French Polynesia,"Total hydro production - Kilowatt-hours, million",2019,159.362
Gabon,"Total hydro production - Kilowatt-hours, million",2022,1260.21
Gabon,"Total hydro production - Kilowatt-hours, million",2021,1368.368
Gabon,"Total hydro production - Kilowatt-hours, million",2020,1420.468
Gabon,"Total hydro production - Kilowatt-hours, million",2019,1309.638
Georgia,"Total hydro production - Kilowatt-hours, million",2022,10771.4
Georgia,"Total hydro production - Kilowatt-hours, million",2021,10182.1
Georgia,"Total hydro production - Kilowatt-hours, million",2020,8248.2
Georgia,"Total hydro production - Kilowatt-hours, million",2019,8931.7
Germany,"Total hydro production - Kilowatt-hours, million",2022,23576
Germany,"Total hydro production - Kilowatt-hours, million",2021,24972
Germany,"Total hydro production - Kilowatt-hours, million",2020,25275
Germany,"Total hydro production - Kilowatt-hours, million",2019,25671
Ghana,"Total hydro production - Kilowatt-hours, million",2023,9186.5
Ghana,"Total hydro production - Kilowatt-hours, million",2022,8191.9
Ghana,"Total hydro production - Kilowatt-hours, million",2021,7520.816
Ghana,"Total hydro production - Kilowatt-hours, million",2020,7293.2
Ghana,"Total hydro production - Kilowatt-hours, million",2019,7251.6
Greece,"Total hydro production - Kilowatt-hours, million",2022,3999.8
Greece,"Total hydro production - Kilowatt-hours, million",2021,5961.439
Greece,"Total hydro production - Kilowatt-hours, million",2020,3440.303
Greece,"Total hydro production - Kilowatt-hours, million",2019,4050.895
Greenland,"Total hydro production - Kilowatt-hours, million",2023,443.5
Greenland,"Total hydro production - Kilowatt-hours, million",2022,466.65
Greenland,"Total hydro production - Kilowatt-hours, million",2021,432.6
Greenland,"Total hydro production - Kilowatt-hours, million",2020,430.5
Greenland,"Total hydro production - Kilowatt-hours, million",2019,408.81
Guatemala,"Total hydro production - Kilowatt-hours, million",2023,5601.14
Guatemala,"Total hydro production - Kilowatt-hours, million",2022,6970.26
Guatemala,"Total hydro production - Kilowatt-hours, million",2021,5646.243
Guatemala,"Total hydro production - Kilowatt-hours, million",2020,5966.263
Guatemala,"Total hydro production - Kilowatt-hours, million",2019,4496.824
Guinea,"Total hydro production - Kilowatt-hours, million",2023,2950
Guinea,"Total hydro production - Kilowatt-hours, million",2022,2938
Guinea,"Total hydro production - Kilowatt-hours, million",2021,2635.49
Guinea,"Total hydro production - Kilowatt-hours, million",2020,1484.414
Guinea,"Total hydro production - Kilowatt-hours, million",2019,1279.59
Haiti,"Total hydro production - Kilowatt-hours, million",2022,184.5
Haiti,"Total hydro production - Kilowatt-hours, million",2021,133.8
Haiti,"Total hydro production - Kilowatt-hours, million",2020,143.5
Haiti,"Total hydro production - Kilowatt-hours, million",2019,174
Honduras,"Total hydro production - Kilowatt-hours, million",2023,3208.08853
Honduras,"Total hydro production - Kilowatt-hours, million",2022,3882.6156
Honduras,"Total hydro production - Kilowatt-hours, million",2021,3765.217
Honduras,"Total hydro production - Kilowatt-hours, million",2020,2700.64
Honduras,"Total hydro production - Kilowatt-hours, million",2019,2430.08
Hungary,"Total hydro production - Kilowatt-hours, million",2022,178
Hungary,"Total hydro production - Kilowatt-hours, million",2021,212
Hungary,"Total hydro production - Kilowatt-hours, million",2020,244
Hungary,"Total hydro production - Kilowatt-hours, million",2019,219
Iceland,"Total hydro production - Kilowatt-hours, million",2022,14195.722
Iceland,"Total hydro production - Kilowatt-hours, million",2021,13803.999
Iceland,"Total hydro production - Kilowatt-hours, million",2020,13156.972
Iceland,"Total hydro production - Kilowatt-hours, million",2019,13461.466
India,"Total hydro production - Kilowatt-hours, million",2022,162499
India,"Total hydro production - Kilowatt-hours, million",2021,162441
India,"Total hydro production - Kilowatt-hours, million",2020,160909
India,"Total hydro production - Kilowatt-hours, million",2019,156049
Indonesia,"Total hydro production - Kilowatt-hours, million",2022,25013
Indonesia,"Total hydro production - Kilowatt-hours, million",2021,19580
Indonesia,"Total hydro production - Kilowatt-hours, million",2020,21624
Indonesia,"Total hydro production - Kilowatt-hours, million",2019,20435.41
Iran (Islamic Rep. of),"Total hydro production - Kilowatt-hours, million",2022,12619.435
Iran (Islamic Rep. of),"Total hydro production - Kilowatt-hours, million",2021,12267
Iran (Islamic Rep. of),"Total hydro production - Kilowatt-hours, million",2020,22075.5
Iran (Islamic Rep. of),"Total hydro production - Kilowatt-hours, million",2019,31087.469
Iraq,"Total hydro production - Kilowatt-hours, million",2022,2650.656
Iraq,"Total hydro production - Kilowatt-hours, million",2021,3345.8
Iraq,"Total hydro production - Kilowatt-hours, million",2020,4161.6
Iraq,"Total hydro production - Kilowatt-hours, million",2019,4963.3
Ireland,"Total hydro production - Kilowatt-hours, million",2022,948.206
Ireland,"Total hydro production - Kilowatt-hours, million",2021,1035.695
Ireland,"Total hydro production - Kilowatt-hours, million",2020,1224.218
Ireland,"Total hydro production - Kilowatt-hours, million",2019,1131.903
Isle of Man,"Total hydro production - Kilowatt-hours, million",2023,2.2
Isle of Man,"Total hydro production - Kilowatt-hours, million",2022,2.2
Isle of Man,"Total hydro production - Kilowatt-hours, million",2021,4
Isle of Man,"Total hydro production - Kilowatt-hours, million",2020,3.5
Isle of Man,"Total hydro production - Kilowatt-hours, million",2019,3.2
Italy,"Total hydro production - Kilowatt-hours, million",2022,30290.743
Italy,"Total hydro production - Kilowatt-hours, million",2021,47478.36
Italy,"Total hydro production - Kilowatt-hours, million",2020,49495.255
Italy,"Total hydro production - Kilowatt-hours, million",2019,48153.516
Jamaica,"Total hydro production - Kilowatt-hours, million",2023,110.72
Jamaica,"Total hydro production - Kilowatt-hours, million",2022,115.6
Jamaica,"Total hydro production - Kilowatt-hours, million",2021,139
Jamaica,"Total hydro production - Kilowatt-hours, million",2020,136
Jamaica,"Total hydro production - Kilowatt-hours, million",2019,155
Japan,"Total hydro production - Kilowatt-hours, million",2022,86038.274
Japan,"Total hydro production - Kilowatt-hours, million",2021,88825.28
Japan,"Total hydro production - Kilowatt-hours, million",2020,87548.296
Japan,"Total hydro production - Kilowatt-hours, million",2019,87653.221
Jordan,"Total hydro production - Kilowatt-hours, million",2022,19.1
Jordan,"Total hydro production - Kilowatt-hours, million",2021,18.7
Jordan,"Total hydro production - Kilowatt-hours, million",2020,18.3
Jordan,"Total hydro production - Kilowatt-hours, million",2019,18.4
Kazakhstan,"Total hydro production - Kilowatt-hours, million",2023,8809
Kazakhstan,"Total hydro production - Kilowatt-hours, million",2022,9201.3
Kazakhstan,"Total hydro production - Kilowatt-hours, million",2021,9208.472
Kazakhstan,"Total hydro production - Kilowatt-hours, million",2020,9660.324
Kazakhstan,"Total hydro production - Kilowatt-hours, million",2019,9993.659
Kenya,"Total hydro production - Kilowatt-hours, million",2022,3067.507
Kenya,"Total hydro production - Kilowatt-hours, million",2021,3675
Kenya,"Total hydro production - Kilowatt-hours, million",2020,4232.7
Kenya,"Total hydro production - Kilowatt-hours, million",2019,3205.3
"Korea, Dem.Ppl's.Rep.","Total hydro production - Kilowatt-hours, million",2022,16600
"Korea, Dem.Ppl's.Rep.","Total hydro production - Kilowatt-hours, million",2021,16100
"Korea, Dem.Ppl's.Rep.","Total hydro production - Kilowatt-hours, million",2020,12800
"Korea, Dem.Ppl's.Rep.","Total hydro production - Kilowatt-hours, million",2019,11000
"Korea, Republic of","Total hydro production - Kilowatt-hours, million",2022,7256.228
"Korea, Republic of","Total hydro production - Kilowatt-hours, million",2021,6737.434
"Korea, Republic of","Total hydro production - Kilowatt-hours, million",2020,7148.249
"Korea, Republic of","Total hydro production - Kilowatt-hours, million",2019,6249.461
Kosovo,"Total hydro production - Kilowatt-hours, million",2022,260.112
Kosovo,"Total hydro production - Kilowatt-hours, million",2021,296.962
Kosovo,"Total hydro production - Kilowatt-hours, million",2020,262.8
Kosovo,"Total hydro production - Kilowatt-hours, million",2019,210.495
Kyrgyzstan,"Total hydro production - Kilowatt-hours, million",2023,12027
Kyrgyzstan,"Total hydro production - Kilowatt-hours, million",2022,11929
Kyrgyzstan,"Total hydro production - Kilowatt-hours, million",2021,12957
Kyrgyzstan,"Total hydro production - Kilowatt-hours, million",2020,13979
Kyrgyzstan,"Total hydro production - Kilowatt-hours, million",2019,13844
Lao People's Dem. Rep.,"Total hydro production - Kilowatt-hours, million",2023,38854
Lao People's Dem. Rep.,"Total hydro production - Kilowatt-hours, million",2022,38736.111
Lao People's Dem. Rep.,"Total hydro production - Kilowatt-hours, million",2021,31072.14
Lao People's Dem. Rep.,"Total hydro production - Kilowatt-hours, million",2020,26261.76
Lao People's Dem. Rep.,"Total hydro production - Kilowatt-hours, million",2019,18899
Latvia,"Total hydro production - Kilowatt-hours, million",2022,2749.823
Latvia,"Total hydro production - Kilowatt-hours, million",2021,2707.796
Latvia,"Total hydro production - Kilowatt-hours, million",2020,2603.041
Latvia,"Total hydro production - Kilowatt-hours, million",2019,2107.554
Lebanon,"Total hydro production - Kilowatt-hours, million",2023,535.816
Lebanon,"Total hydro production - Kilowatt-hours, million",2022,694.876
Lebanon,"Total hydro production - Kilowatt-hours, million",2021,611.949
Lebanon,"Total hydro production - Kilowatt-hours, million",2020,842.542
Lebanon,"Total hydro production - Kilowatt-hours, million",2019,965.016
Lesotho,"Total hydro production - Kilowatt-hours, million",2023,470.604398
Lesotho,"Total hydro production - Kilowatt-hours, million",2022,480.3
Lesotho,"Total hydro production - Kilowatt-hours, million",2021,531.4
Lesotho,"Total hydro production - Kilowatt-hours, million",2020,426.3
Lesotho,"Total hydro production - Kilowatt-hours, million",2019,392.44
Liberia,"Total hydro production - Kilowatt-hours, million",2023,225.929
Liberia,"Total hydro production - Kilowatt-hours, million",2022,227.815
Liberia,"Total hydro production - Kilowatt-hours, million",2021,223.386
Liberia,"Total hydro production - Kilowatt-hours, million",2020,124
Liberia,"Total hydro production - Kilowatt-hours, million",2019,124
Liechtenstein,"Total hydro production - Kilowatt-hours, million",2023,77.2
Liechtenstein,"Total hydro production - Kilowatt-hours, million",2022,61.6
Liechtenstein,"Total hydro production - Kilowatt-hours, million",2021,73.7
Liechtenstein,"Total hydro production - Kilowatt-hours, million",2020,72.6
Liechtenstein,"Total hydro production - Kilowatt-hours, million",2019,74.5
Lithuania,"Total hydro production - Kilowatt-hours, million",2022,1020.6
Lithuania,"Total hydro production - Kilowatt-hours, million",2021,1093.9
Lithuania,"Total hydro production - Kilowatt-hours, million",2020,1080.1
Lithuania,"Total hydro production - Kilowatt-hours, million",2019,947.7
Luxembourg,"Total hydro production - Kilowatt-hours, million",2022,1123.558
Luxembourg,"Total hydro production - Kilowatt-hours, million",2021,1084.772
Luxembourg,"Total hydro production - Kilowatt-hours, million",2020,1094.074
Luxembourg,"Total hydro production - Kilowatt-hours, million",2019,949.291
Madagascar,"Total hydro production - Kilowatt-hours, million",2023,982.6
Madagascar,"Total hydro production - Kilowatt-hours, million",2022,822.45
Madagascar,"Total hydro production - Kilowatt-hours, million",2021,767.34
Madagascar,"Total hydro production - Kilowatt-hours, million",2020,817.906
Madagascar,"Total hydro production - Kilowatt-hours, million",2019,886.3
Malawi,"Total hydro production - Kilowatt-hours, million",2023,1700
Malawi,"Total hydro production - Kilowatt-hours, million",2022,1756.62
Malawi,"Total hydro production - Kilowatt-hours, million",2021,2194.22
Malawi,"Total hydro production - Kilowatt-hours, million",2020,1866.97
Malawi,"Total hydro production - Kilowatt-hours, million",2019,1646.6
Malaysia,"Total hydro production - Kilowatt-hours, million",2022,31101
Malaysia,"Total hydro production - Kilowatt-hours, million",2021,31101
Malaysia,"Total hydro production - Kilowatt-hours, million",2020,27294.662
Malaysia,"Total hydro production - Kilowatt-hours, million",2019,26166.55
Mali,"Total hydro production - Kilowatt-hours, million",2023,1823
Mali,"Total hydro production - Kilowatt-hours, million",2022,1787.3
Mali,"Total hydro production - Kilowatt-hours, million",2021,1473
Mali,"Total hydro production - Kilowatt-hours, million",2020,1444.156
Mali,"Total hydro production - Kilowatt-hours, million",2019,1365.202
Mauritius,"Total hydro production - Kilowatt-hours, million",2022,128.3
Mauritius,"Total hydro production - Kilowatt-hours, million",2021,106.9
Mauritius,"Total hydro production - Kilowatt-hours, million",2020,115.8
Mauritius,"Total hydro production - Kilowatt-hours, million",2019,98.6
Mexico,"Total hydro production - Kilowatt-hours, million",2022,35851
Mexico,"Total hydro production - Kilowatt-hours, million",2021,34537
Mexico,"Total hydro production - Kilowatt-hours, million",2020,26817
Mexico,"Total hydro production - Kilowatt-hours, million",2019,23716
Micronesia (Fed. States of),"Total hydro production - Kilowatt-hours, million",2023,1.27
Micronesia (Fed. States of),"Total hydro production - Kilowatt-hours, million",2022,1.3
Micronesia (Fed. States of),"Total hydro production - Kilowatt-hours, million",2021,1.023
Micronesia (Fed. States of),"Total hydro production - Kilowatt-hours, million",2020,1.27
Micronesia (Fed. States of),"Total hydro production - Kilowatt-hours, million",2019,1.27
Mongolia,"Total hydro production - Kilowatt-hours, million",2023,47.605
Mongolia,"Total hydro production - Kilowatt-hours, million",2022,67.868
Mongolia,"Total hydro production - Kilowatt-hours, million",2021,137.939
Mongolia,"Total hydro production - Kilowatt-hours, million",2020,85
Mongolia,"Total hydro production - Kilowatt-hours, million",2019,85
Montenegro,"Total hydro production - Kilowatt-hours, million",2023,2221.3
Montenegro,"Total hydro production - Kilowatt-hours, million",2022,1444.1
Montenegro,"Total hydro production - Kilowatt-hours, million",2021,2010.1
Montenegro,"Total hydro production - Kilowatt-hours, million",2020,1447.8
Montenegro,"Total hydro production - Kilowatt-hours, million",2019,1621.1
Morocco,"Total hydro production - Kilowatt-hours, million",2022,679.382
Morocco,"Total hydro production - Kilowatt-hours, million",2021,1212.652
Morocco,"Total hydro production - Kilowatt-hours, million",2020,1290.087
Morocco,"Total hydro production - Kilowatt-hours, million",2019,1653.781
Mozambique,"Total hydro production - Kilowatt-hours, million",2022,16173.409
Mozambique,"Total hydro production - Kilowatt-hours, million",2021,15467.967
Mozambique,"Total hydro production - Kilowatt-hours, million",2020,15703.34
Mozambique,"Total hydro production - Kilowatt-hours, million",2019,14929.619
Myanmar,"Total hydro production - Kilowatt-hours, million",2023,9281.87
Myanmar,"Total hydro production - Kilowatt-hours, million",2022,9069.93
Myanmar,"Total hydro production - Kilowatt-hours, million",2021,9590.08
Myanmar,"Total hydro production - Kilowatt-hours, million",2020,8370.26
Myanmar,"Total hydro production - Kilowatt-hours, million",2019,9369.08
Namibia,"Total hydro production - Kilowatt-hours, million",2023,1323.29488
Namibia,"Total hydro production - Kilowatt-hours, million",2022,781.18
Namibia,"Total hydro production - Kilowatt-hours, million",2021,968
Namibia,"Total hydro production - Kilowatt-hours, million",2020,1505
Namibia,"Total hydro production - Kilowatt-hours, million",2019,954
Nepal,"Total hydro production - Kilowatt-hours, million",2023,12687
Nepal,"Total hydro production - Kilowatt-hours, million",2022,10536
Nepal,"Total hydro production - Kilowatt-hours, million",2021,9533.739
Nepal,"Total hydro production - Kilowatt-hours, million",2020,6092.41
Nepal,"Total hydro production - Kilowatt-hours, million",2019,6060.56
Netherlands (Kingd. of the),"Total hydro production - Kilowatt-hours, million",2022,49.998
Netherlands (Kingd. of the),"Total hydro production - Kilowatt-hours, million",2021,88.24
Netherlands (Kingd. of the),"Total hydro production - Kilowatt-hours, million",2020,46.066
Netherlands (Kingd. of the),"Total hydro production - Kilowatt-hours, million",2019,74.182
New Caledonia,"Total hydro production - Kilowatt-hours, million",2023,421.01
New Caledonia,"Total hydro production - Kilowatt-hours, million",2022,538.61
New Caledonia,"Total hydro production - Kilowatt-hours, million",2021,424.918
New Caledonia,"Total hydro production - Kilowatt-hours, million",2020,304.997
New Caledonia,"Total hydro production - Kilowatt-hours, million",2019,284.77
New Zealand,"Total hydro production - Kilowatt-hours, million",2022,26273.578
New Zealand,"Total hydro production - Kilowatt-hours, million",2021,24232.31
New Zealand,"Total hydro production - Kilowatt-hours, million",2020,24265.767
New Zealand,"Total hydro production - Kilowatt-hours, million",2019,25596.092
Nicaragua,"Total hydro production - Kilowatt-hours, million",2022,650.152
Nicaragua,"Total hydro production - Kilowatt-hours, million",2021,599.026
Nicaragua,"Total hydro production - Kilowatt-hours, million",2020,574.471
Nicaragua,"Total hydro production - Kilowatt-hours, million",2019,226.986
Nigeria,"Total hydro production - Kilowatt-hours, million",2022,9204.19
Nigeria,"Total hydro production - Kilowatt-hours, million",2021,7942.92
Nigeria,"Total hydro production - Kilowatt-hours, million",2020,7689.6
Nigeria,"Total hydro production - Kilowatt-hours, million",2019,8433
North Macedonia,"Total hydro production - Kilowatt-hours, million",2023,1622.933
North Macedonia,"Total hydro production - Kilowatt-hours, million",2022,1345.316
North Macedonia,"Total hydro production - Kilowatt-hours, million",2021,1451.623
North Macedonia,"Total hydro production - Kilowatt-hours, million",2020,1277.144
North Macedonia,"Total hydro production - Kilowatt-hours, million",2019,1163.673
Norway,"Total hydro production - Kilowatt-hours, million",2022,129366.384
Norway,"Total hydro production - Kilowatt-hours, million",2021,144368.234
Norway,"Total hydro production - Kilowatt-hours, million",2020,142470.96
Norway,"Total hydro production - Kilowatt-hours, million",2019,126029.771
Other Asia,"Total hydro production - Kilowatt-hours, million",2022,8898.696
Other Asia,"Total hydro production - Kilowatt-hours, million",2021,6653.101
Other Asia,"Total hydro production - Kilowatt-hours, million",2020,6178.069
Other Asia,"Total hydro production - Kilowatt-hours, million",2019,8752.897
Pakistan,"Total hydro production - Kilowatt-hours, million",2022,35273
Pakistan,"Total hydro production - Kilowatt-hours, million",2021,35069
Pakistan,"Total hydro production - Kilowatt-hours, million",2020,38936
Pakistan,"Total hydro production - Kilowatt-hours, million",2019,38802
Panama,"Total hydro production - Kilowatt-hours, million",2023,6140.8
Panama,"Total hydro production - Kilowatt-hours, million",2022,8116.48
Panama,"Total hydro production - Kilowatt-hours, million",2021,8625.2
Panama,"Total hydro production - Kilowatt-hours, million",2020,7501.5
Panama,"Total hydro production - Kilowatt-hours, million",2019,5196
Papua New Guinea,"Total hydro production - Kilowatt-hours, million",2023,994.4444444
Papua New Guinea,"Total hydro production - Kilowatt-hours, million",2022,830
Papua New Guinea,"Total hydro production - Kilowatt-hours, million",2021,1000
Papua New Guinea,"Total hydro production - Kilowatt-hours, million",2020,972.222223
Papua New Guinea,"Total hydro production - Kilowatt-hours, million",2019,1095
Paraguay,"Total hydro production - Kilowatt-hours, million",2023,52811.72
Paraguay,"Total hydro production - Kilowatt-hours, million",2022,43879.5
Paraguay,"Total hydro production - Kilowatt-hours, million",2021,40574.21
Paraguay,"Total hydro production - Kilowatt-hours, million",2020,46371.04
Paraguay,"Total hydro production - Kilowatt-hours, million",2019,49445.76
Peru,"Total hydro production - Kilowatt-hours, million",2022,29743.8
Peru,"Total hydro production - Kilowatt-hours, million",2021,31889.996
Peru,"Total hydro production - Kilowatt-hours, million",2020,30510.304
Peru,"Total hydro production - Kilowatt-hours, million",2019,31462.088
Philippines,"Total hydro production - Kilowatt-hours, million",2022,10102
Philippines,"Total hydro production - Kilowatt-hours, million",2021,9202.3
Philippines,"Total hydro production - Kilowatt-hours, million",2020,7209
Philippines,"Total hydro production - Kilowatt-hours, million",2019,8042.5
Poland,"Total hydro production - Kilowatt-hours, million",2022,3018.308
Poland,"Total hydro production - Kilowatt-hours, million",2021,3100.777
Poland,"Total hydro production - Kilowatt-hours, million",2020,2936.988
Poland,"Total hydro production - Kilowatt-hours, million",2019,2664.882
Portugal,"Total hydro production - Kilowatt-hours, million",2022,8839.282
Portugal,"Total hydro production - Kilowatt-hours, million",2021,13454.629
Portugal,"Total hydro production - Kilowatt-hours, million",2020,13632.554
Portugal,"Total hydro production - Kilowatt-hours, million",2019,10242.515
Puerto Rico,"Total hydro production - Kilowatt-hours, million",2023,45
Puerto Rico,"Total hydro production - Kilowatt-hours, million",2022,44.737
Puerto Rico,"Total hydro production - Kilowatt-hours, million",2021,39.709
Puerto Rico,"Total hydro production - Kilowatt-hours, million",2020,50.5
Puerto Rico,"Total hydro production - Kilowatt-hours, million",2019,41
Republic of Moldova,"Total hydro production - Kilowatt-hours, million",2023,69.1
Republic of Moldova,"Total hydro production - Kilowatt-hours, million",2022,41
Republic of Moldova,"Total hydro production - Kilowatt-hours, million",2021,68
Republic of Moldova,"Total hydro production - Kilowatt-hours, million",2020,47
Republic of Moldova,"Total hydro production - Kilowatt-hours, million",2019,65
Romania,"Total hydro production - Kilowatt-hours, million",2022,14360.045
Romania,"Total hydro production - Kilowatt-hours, million",2021,17745.008
Romania,"Total hydro production - Kilowatt-hours, million",2020,15701.386
Romania,"Total hydro production - Kilowatt-hours, million",2019,16005.701
Russian Federation,"Total hydro production - Kilowatt-hours, million",2022,199361.176
Russian Federation,"Total hydro production - Kilowatt-hours, million",2021,216392.03
Russian Federation,"Total hydro production - Kilowatt-hours, million",2020,214388.4
Russian Federation,"Total hydro production - Kilowatt-hours, million",2019,196510.443
Rwanda,"Total hydro production - Kilowatt-hours, million",2023,575
Rwanda,"Total hydro production - Kilowatt-hours, million",2022,554.57
Rwanda,"Total hydro production - Kilowatt-hours, million",2021,544.7
Rwanda,"Total hydro production - Kilowatt-hours, million",2020,494.4
Rwanda,"Total hydro production - Kilowatt-hours, million",2019,387
Samoa,"Total hydro production - Kilowatt-hours, million",2023,45.541
Samoa,"Total hydro production - Kilowatt-hours, million",2022,35.368
Samoa,"Total hydro production - Kilowatt-hours, million",2021,55.283
Samoa,"Total hydro production - Kilowatt-hours, million",2020,41.364
Samoa,"Total hydro production - Kilowatt-hours, million",2019,49.816
Sao Tome and Principe,"Total hydro production - Kilowatt-hours, million",2023,5.9
Sao Tome and Principe,"Total hydro production - Kilowatt-hours, million",2022,1.859
Sao Tome and Principe,"Total hydro production - Kilowatt-hours, million",2021,5.055
Sao Tome and Principe,"Total hydro production - Kilowatt-hours, million",2020,4.897
Sao Tome and Principe,"Total hydro production - Kilowatt-hours, million",2019,5.8
Serbia,"Total hydro production - Kilowatt-hours, million",2022,9274.434
Serbia,"Total hydro production - Kilowatt-hours, million",2021,11984.227
Serbia,"Total hydro production - Kilowatt-hours, million",2020,9748.645
Serbia,"Total hydro production - Kilowatt-hours, million",2019,10198.239
Sierra Leone,"Total hydro production - Kilowatt-hours, million",2023,226.55
Sierra Leone,"Total hydro production - Kilowatt-hours, million",2022,215.97
Sierra Leone,"Total hydro production - Kilowatt-hours, million",2021,237.13
Sierra Leone,"Total hydro production - Kilowatt-hours, million",2020,236.1
Sierra Leone,"Total hydro production - Kilowatt-hours, million",2019,236.77
Slovakia,"Total hydro production - Kilowatt-hours, million",2022,3963
Slovakia,"Total hydro production - Kilowatt-hours, million",2021,4552
Slovakia,"Total hydro production - Kilowatt-hours, million",2020,4799
Slovakia,"Total hydro production - Kilowatt-hours, million",2019,4571
Slovenia,"Total hydro production - Kilowatt-hours, million",2022,3400.694
Slovenia,"Total hydro production - Kilowatt-hours, million",2021,4997.067
Slovenia,"Total hydro production - Kilowatt-hours, million",2020,5224.743
Slovenia,"Total hydro production - Kilowatt-hours, million",2019,4682.539
Solomon Islands,"Total hydro production - Kilowatt-hours, million",2023,0.9
Solomon Islands,"Total hydro production - Kilowatt-hours, million",2022,0.89
Solomon Islands,"Total hydro production - Kilowatt-hours, million",2021,0.89
Solomon Islands,"Total hydro production - Kilowatt-hours, million",2020,0.89
Solomon Islands,"Total hydro production - Kilowatt-hours, million",2019,0.891
South Africa,"Total hydro production - Kilowatt-hours, million",2022,7245
South Africa,"Total hydro production - Kilowatt-hours, million",2021,6784
South Africa,"Total hydro production - Kilowatt-hours, million",2020,6246
South Africa,"Total hydro production - Kilowatt-hours, million",2019,5791
Spain,"Total hydro production - Kilowatt-hours, million",2022,22102
Spain,"Total hydro production - Kilowatt-hours, million",2021,32847
Spain,"Total hydro production - Kilowatt-hours, million",2020,33998
Spain,"Total hydro production - Kilowatt-hours, million",2019,26874
Sri Lanka,"Total hydro production - Kilowatt-hours, million",2022,6759.468
Sri Lanka,"Total hydro production - Kilowatt-hours, million",2021,7226.5
Sri Lanka,"Total hydro production - Kilowatt-hours, million",2020,4976.351
Sri Lanka,"Total hydro production - Kilowatt-hours, million",2019,4811.9
St. Vincent-Grenadines,"Total hydro production - Kilowatt-hours, million",2023,21.2
St. Vincent-Grenadines,"Total hydro production - Kilowatt-hours, million",2022,21
St. Vincent-Grenadines,"Total hydro production - Kilowatt-hours, million",2021,19.221
St. Vincent-Grenadines,"Total hydro production - Kilowatt-hours, million",2020,21.603
St. Vincent-Grenadines,"Total hydro production - Kilowatt-hours, million",2019,21.618
Sudan,"Total hydro production - Kilowatt-hours, million",2022,11803.687
Sudan,"Total hydro production - Kilowatt-hours, million",2021,10061
Sudan,"Total hydro production - Kilowatt-hours, million",2020,11007.52
Sudan,"Total hydro production - Kilowatt-hours, million",2019,10210
Suriname,"Total hydro production - Kilowatt-hours, million",2022,917.131
Suriname,"Total hydro production - Kilowatt-hours, million",2021,847
Suriname,"Total hydro production - Kilowatt-hours, million",2020,674
Suriname,"Total hydro production - Kilowatt-hours, million",2019,952.437
Sweden,"Total hydro production - Kilowatt-hours, million",2022,69967
Sweden,"Total hydro production - Kilowatt-hours, million",2021,73926
Sweden,"Total hydro production - Kilowatt-hours, million",2020,72440
Sweden,"Total hydro production - Kilowatt-hours, million",2019,65393
Switzerland,"Total hydro production - Kilowatt-hours, million",2022,33836.01
Switzerland,"Total hydro production - Kilowatt-hours, million",2021,39895
Switzerland,"Total hydro production - Kilowatt-hours, million",2020,41022.16
Switzerland,"Total hydro production - Kilowatt-hours, million",2019,40961.56
Syrian Arab Republic,"Total hydro production - Kilowatt-hours, million",2022,754
Syrian Arab Republic,"Total hydro production - Kilowatt-hours, million",2021,754
Syrian Arab Republic,"Total hydro production - Kilowatt-hours, million",2020,754
Syrian Arab Republic,"Total hydro production - Kilowatt-hours, million",2019,754
Tajikistan,"Total hydro production - Kilowatt-hours, million",2023,20632
Tajikistan,"Total hydro production - Kilowatt-hours, million",2022,19924
Tajikistan,"Total hydro production - Kilowatt-hours, million",2021,18967
Tajikistan,"Total hydro production - Kilowatt-hours, million",2020,18114.4
Tajikistan,"Total hydro production - Kilowatt-hours, million",2019,19169.2
Thailand,"Total hydro production - Kilowatt-hours, million",2023,6761
Thailand,"Total hydro production - Kilowatt-hours, million",2022,6834
Thailand,"Total hydro production - Kilowatt-hours, million",2021,4687.35
Thailand,"Total hydro production - Kilowatt-hours, million",2020,4656.37
Thailand,"Total hydro production - Kilowatt-hours, million",2019,6446
Timor-Leste,"Total hydro production - Kilowatt-hours, million",2023,1.5
Timor-Leste,"Total hydro production - Kilowatt-hours, million",2022,1.5
Timor-Leste,"Total hydro production - Kilowatt-hours, million",2021,1.5
Timor-Leste,"Total hydro production - Kilowatt-hours, million",2020,1.5
Timor-Leste,"Total hydro production - Kilowatt-hours, million",2019,1.5
Togo,"Total hydro production - Kilowatt-hours, million",2022,78.4
Togo,"Total hydro production - Kilowatt-hours, million",2021,85.58
Togo,"Total hydro production - Kilowatt-hours, million",2020,143.86
Togo,"Total hydro production - Kilowatt-hours, million",2019,236.42
Tunisia,"Total hydro production - Kilowatt-hours, million",2022,14.88
Tunisia,"Total hydro production - Kilowatt-hours, million",2021,28.06
Tunisia,"Total hydro production - Kilowatt-hours, million",2020,46.02
Tunisia,"Total hydro production - Kilowatt-hours, million",2019,65.9
Türkiye,"Total hydro production - Kilowatt-hours, million",2022,66802.497
Türkiye,"Total hydro production - Kilowatt-hours, million",2021,55926.81
Türkiye,"Total hydro production - Kilowatt-hours, million",2020,78094.369
Türkiye,"Total hydro production - Kilowatt-hours, million",2019,88822.776
Turkmenistan,"Total hydro production - Kilowatt-hours, million",2022,5.782
Turkmenistan,"Total hydro production - Kilowatt-hours, million",2021,5.782
Turkmenistan,"Total hydro production - Kilowatt-hours, million",2020,3.154
Turkmenistan,"Total hydro production - Kilowatt-hours, million",2019,3.154
Uganda,"Total hydro production - Kilowatt-hours, million",2023,5662
Uganda,"Total hydro production - Kilowatt-hours, million",2022,4964.898
Uganda,"Total hydro production - Kilowatt-hours, million",2021,4334.295
Uganda,"Total hydro production - Kilowatt-hours, million",2020,4082.722
Uganda,"Total hydro production - Kilowatt-hours, million",2019,3985.8
Ukraine,"Total hydro production - Kilowatt-hours, million",2022,10904.724
Ukraine,"Total hydro production - Kilowatt-hours, million",2021,10332.6
Ukraine,"Total hydro production - Kilowatt-hours, million",2020,7563.8
Ukraine,"Total hydro production - Kilowatt-hours, million",2019,7855.1
United Kingdom,"Total hydro production - Kilowatt-hours, million",2022,7632.104
United Kingdom,"Total hydro production - Kilowatt-hours, million",2021,7292.405
United Kingdom,"Total hydro production - Kilowatt-hours, million",2020,8407.76
United Kingdom,"Total hydro production - Kilowatt-hours, million",2019,7689.309
United Rep. of Tanzania,"Total hydro production - Kilowatt-hours, million",2022,2820.53
United Rep. of Tanzania,"Total hydro production - Kilowatt-hours, million",2021,3086.3
United Rep. of Tanzania,"Total hydro production - Kilowatt-hours, million",2020,3139.2
United Rep. of Tanzania,"Total hydro production - Kilowatt-hours, million",2019,2477.4
United States,"Total hydro production - Kilowatt-hours, million",2022,279067.291
United States,"Total hydro production - Kilowatt-hours, million",2021,274096.19
United States,"Total hydro production - Kilowatt-hours, million",2020,308212.917
United States,"Total hydro production - Kilowatt-hours, million",2019,310570.934
Uruguay,"Total hydro production - Kilowatt-hours, million",2023,3516.3
Uruguay,"Total hydro production - Kilowatt-hours, million",2022,5685.7
Uruguay,"Total hydro production - Kilowatt-hours, million",2021,5272.8
Uruguay,"Total hydro production - Kilowatt-hours, million",2020,4093.9
Uruguay,"Total hydro production - Kilowatt-hours, million",2019,8108.3
Uzbekistan,"Total hydro production - Kilowatt-hours, million",2022,6484.262
Uzbekistan,"Total hydro production - Kilowatt-hours, million",2021,4972.277
Uzbekistan,"Total hydro production - Kilowatt-hours, million",2020,4999.187
Uzbekistan,"Total hydro production - Kilowatt-hours, million",2019,6461.993
Vanuatu,"Total hydro production - Kilowatt-hours, million",2023,8.5
Vanuatu,"Total hydro production - Kilowatt-hours, million",2022,8.9
Vanuatu,"Total hydro production - Kilowatt-hours, million",2021,8.28
Vanuatu,"Total hydro production - Kilowatt-hours, million",2020,8.3
Vanuatu,"Total hydro production - Kilowatt-hours, million",2019,7.78
Venezuela (Bolivar. Rep.),"Total hydro production - Kilowatt-hours, million",2022,68511.77
Venezuela (Bolivar. Rep.),"Total hydro production - Kilowatt-hours, million",2021,67845.36
Venezuela (Bolivar. Rep.),"Total hydro production - Kilowatt-hours, million",2020,67190.02
Venezuela (Bolivar. Rep.),"Total hydro production - Kilowatt-hours, million",2019,62789.4
Viet Nam,"Total hydro production - Kilowatt-hours, million",2022,97894.16601
Viet Nam,"Total hydro production - Kilowatt-hours, million",2021,78633
Viet Nam,"Total hydro production - Kilowatt-hours, million",2020,73461
Viet Nam,"Total hydro production - Kilowatt-hours, million",2019,85097
Wallis and Futuna Is.,"Total hydro production - Kilowatt-hours, million",2023,0.39
Wallis and Futuna Is.,"Total hydro production - Kilowatt-hours, million",2022,0.37
Wallis and Futuna Is.,"Total hydro production - Kilowatt-hours, million",2021,0.36
Wallis and Futuna Is.,"Total hydro production - Kilowatt-hours, million",2020,0.35
Wallis and Futuna Is.,"Total hydro production - Kilowatt-hours, million",2019,0.35
Zambia,"Total hydro production - Kilowatt-hours, million",2023,17090.6
Zambia,"Total hydro production - Kilowatt-hours, million",2022,17088.838
Zambia,"Total hydro production - Kilowatt-hours, million",2021,16072.683
Zambia,"Total hydro production - Kilowatt-hours, million",2020,12792.759
Zambia,"Total hydro production - Kilowatt-hours, million",2019,12328.8
Zimbabwe,"Total hydro production - Kilowatt-hours, million",2022,5896.99
Zimbabwe,"Total hydro production - Kilowatt-hours, million",2021,5928.23
Zimbabwe,"Total hydro production - Kilowatt-hours, million",2020,3805.347
Zimbabwe,"Total hydro production - Kilowatt-hours, million",2019,4165.599
