"Country or Area","Commodity - Transaction","Year","Unit","Quantity","Quantity Footnotes"
"Afghanistan","Electricity - total solar production","2023","Kilowatt-hours, million","65","1"
"Afghanistan","Electricity - total solar production","2022","Kilowatt-hours, million","64","1"
"Afghanistan","Electricity - total solar production","2021","Kilowatt-hours, million","64","1"
"Afghanistan","Electricity - total solar production","2020","Kilowatt-hours, million","65.93",""
"Afghanistan","Electricity - total solar production","2019","Kilowatt-hours, million","54.77",""
"Albania","Electricity - total solar production","2023","Kilowatt-hours, million","297.459",""
"Albania","Electricity - total solar production","2022","Kilowatt-hours, million","160.892",""
"Albania","Electricity - total solar production","2021","Kilowatt-hours, million","40.77",""
"Albania","Electricity - total solar production","2020","Kilowatt-hours, million","32.265",""
"Albania","Electricity - total solar production","2019","Kilowatt-hours, million","22.196",""
"Algeria","Electricity - total solar production","2022","Kilowatt-hours, million","648.807",""
"Algeria","Electricity - total solar production","2021","Kilowatt-hours, million","642",""
"Algeria","Electricity - total solar production","2020","Kilowatt-hours, million","665",""
"Algeria","Electricity - total solar production","2019","Kilowatt-hours, million","678.1",""
"American Samoa","Electricity - total solar production","2023","Kilowatt-hours, million","6.831","1"
"American Samoa","Electricity - total solar production","2022","Kilowatt-hours, million","6.831",""
"American Samoa","Electricity - total solar production","2021","Kilowatt-hours, million","6.831",""
"American Samoa","Electricity - total solar production","2020","Kilowatt-hours, million","6.831",""
"American Samoa","Electricity - total solar production","2019","Kilowatt-hours, million","7.435",""
"Andorra","Electricity - total solar production","2023","Kilowatt-hours, million","1.283",""
"Andorra","Electricity - total solar production","2022","Kilowatt-hours, million","1.595",""
"Andorra","Electricity - total solar production","2021","Kilowatt-hours, million","1.279",""
"Andorra","Electricity - total solar production","2020","Kilowatt-hours, million","0.938",""
"Andorra","Electricity - total solar production","2019","Kilowatt-hours, million","0.723",""
"Angola","Electricity - total solar production","2022","Kilowatt-hours, million","613.2","1"
"Angola","Electricity - total solar production","2021","Kilowatt-hours, million","39",""
"Angola","Electricity - total solar production","2020","Kilowatt-hours, million","42.5",""
"Angola","Electricity - total solar production","2019","Kilowatt-hours, million","37.7",""
"Anguilla","Electricity - total solar production","2023","Kilowatt-hours, million","2.683",""
"Anguilla","Electricity - total solar production","2022","Kilowatt-hours, million","2.7","1"
"Anguilla","Electricity - total solar production","2021","Kilowatt-hours, million","2.683",""
"Anguilla","Electricity - total solar production","2020","Kilowatt-hours, million","2.683",""
"Anguilla","Electricity - total solar production","2019","Kilowatt-hours, million","2.629",""
"Antigua and Barbuda","Electricity - total solar production","2023","Kilowatt-hours, million","18","1"
"Antigua and Barbuda","Electricity - total solar production","2022","Kilowatt-hours, million","17","1"
"Antigua and Barbuda","Electricity - total solar production","2021","Kilowatt-hours, million","17","1"
"Antigua and Barbuda","Electricity - total solar production","2020","Kilowatt-hours, million","16.34",""
"Antigua and Barbuda","Electricity - total solar production","2019","Kilowatt-hours, million","13.073",""
"Argentina","Electricity - total solar production","2023","Kilowatt-hours, million","3260",""
"Argentina","Electricity - total solar production","2022","Kilowatt-hours, million","2928",""
"Argentina","Electricity - total solar production","2021","Kilowatt-hours, million","2196",""
"Argentina","Electricity - total solar production","2020","Kilowatt-hours, million","1344.589",""
"Argentina","Electricity - total solar production","2019","Kilowatt-hours, million","800",""
"Armenia","Electricity - total solar production","2022","Kilowatt-hours, million","523.55",""
"Armenia","Electricity - total solar production","2021","Kilowatt-hours, million","293.719",""
"Armenia","Electricity - total solar production","2020","Kilowatt-hours, million","136.577",""
"Armenia","Electricity - total solar production","2019","Kilowatt-hours, million","60.745",""
"Aruba","Electricity - total solar production","2023","Kilowatt-hours, million","11","1"
"Aruba","Electricity - total solar production","2022","Kilowatt-hours, million","11","1"
"Aruba","Electricity - total solar production","2021","Kilowatt-hours, million","11","1"
"Aruba","Electricity - total solar production","2020","Kilowatt-hours, million","11","1"
"Aruba","Electricity - total solar production","2019","Kilowatt-hours, million","10","1"
"Australia","Electricity - total solar production","2022","Kilowatt-hours, million","34686.626",""
"Australia","Electricity - total solar production","2021","Kilowatt-hours, million","27716.951",""
"Australia","Electricity - total solar production","2020","Kilowatt-hours, million","21033.195",""
"Australia","Electricity - total solar production","2019","Kilowatt-hours, million","14847.937",""
"Austria","Electricity - total solar production","2022","Kilowatt-hours, million","3791.704",""
"Austria","Electricity - total solar production","2021","Kilowatt-hours, million","2782.602",""
"Austria","Electricity - total solar production","2020","Kilowatt-hours, million","2042.934",""
"Austria","Electricity - total solar production","2019","Kilowatt-hours, million","1702.093",""
"Azerbaijan","Electricity - total solar production","2022","Kilowatt-hours, million","61.9",""
"Azerbaijan","Electricity - total solar production","2021","Kilowatt-hours, million","56.2",""
"Azerbaijan","Electricity - total solar production","2020","Kilowatt-hours, million","47.002",""
"Azerbaijan","Electricity - total solar production","2019","Kilowatt-hours, million","44.202",""
"Bahamas","Electricity - total solar production","2023","Kilowatt-hours, million","8.5","1"
"Bahamas","Electricity - total solar production","2022","Kilowatt-hours, million","8","1"
"Bahamas","Electricity - total solar production","2021","Kilowatt-hours, million","7.671",""
"Bahamas","Electricity - total solar production","2020","Kilowatt-hours, million","4.563",""
"Bahamas","Electricity - total solar production","2019","Kilowatt-hours, million","3.895",""
"Bahrain","Electricity - total solar production","2023","Kilowatt-hours, million","92.15",""
"Bahrain","Electricity - total solar production","2022","Kilowatt-hours, million","72.59",""
"Bahrain","Electricity - total solar production","2021","Kilowatt-hours, million","36.4",""
"Bahrain","Electricity - total solar production","2020","Kilowatt-hours, million","17.22",""
"Bahrain","Electricity - total solar production","2019","Kilowatt-hours, million","15.58",""
"Bangladesh","Electricity - total solar production","2022","Kilowatt-hours, million","323",""
"Bangladesh","Electricity - total solar production","2021","Kilowatt-hours, million","158",""
"Bangladesh","Electricity - total solar production","2020","Kilowatt-hours, million","412.648",""
"Bangladesh","Electricity - total solar production","2019","Kilowatt-hours, million","346.896",""
"Barbados","Electricity - total solar production","2023","Kilowatt-hours, million","108.333333333333","1"
"Barbados","Electricity - total solar production","2022","Kilowatt-hours, million","108.305556",""
"Barbados","Electricity - total solar production","2021","Kilowatt-hours, million","84.527778",""
"Barbados","Electricity - total solar production","2020","Kilowatt-hours, million","68.7",""
"Barbados","Electricity - total solar production","2019","Kilowatt-hours, million","52",""
"Belarus","Electricity - total solar production","2022","Kilowatt-hours, million","286.842",""
"Belarus","Electricity - total solar production","2021","Kilowatt-hours, million","172",""
"Belarus","Electricity - total solar production","2020","Kilowatt-hours, million","176",""
"Belarus","Electricity - total solar production","2019","Kilowatt-hours, million","181",""
"Belgium","Electricity - total solar production","2022","Kilowatt-hours, million","6876",""
"Belgium","Electricity - total solar production","2021","Kilowatt-hours, million","5618.1",""
"Belgium","Electricity - total solar production","2020","Kilowatt-hours, million","5112.2",""
"Belgium","Electricity - total solar production","2019","Kilowatt-hours, million","4252.5",""
"Belize","Electricity - total solar production","2023","Kilowatt-hours, million","5.4","1"
"Belize","Electricity - total solar production","2022","Kilowatt-hours, million","5.3",""
"Belize","Electricity - total solar production","2021","Kilowatt-hours, million","2.5",""
"Belize","Electricity - total solar production","2020","Kilowatt-hours, million","0.578",""
"Belize","Electricity - total solar production","2019","Kilowatt-hours, million","0.66",""
"Benin","Electricity - total solar production","2022","Kilowatt-hours, million","33.177",""
"Benin","Electricity - total solar production","2021","Kilowatt-hours, million","16.77",""
"Benin","Electricity - total solar production","2020","Kilowatt-hours, million","7.436",""
"Benin","Electricity - total solar production","2019","Kilowatt-hours, million","7.521",""
"Bermuda","Electricity - total solar production","2023","Kilowatt-hours, million","2.1","1"
"Bermuda","Electricity - total solar production","2022","Kilowatt-hours, million","2.1","1"
"Bermuda","Electricity - total solar production","2021","Kilowatt-hours, million","2","1"
"Bermuda","Electricity - total solar production","2020","Kilowatt-hours, million","2","1"
"Bermuda","Electricity - total solar production","2019","Kilowatt-hours, million","2","1"
"Bhutan","Electricity - total solar production","2023","Kilowatt-hours, million","0.61",""
"Bhutan","Electricity - total solar production","2022","Kilowatt-hours, million","0.39",""
"Bhutan","Electricity - total solar production","2021","Kilowatt-hours, million","0.39",""
"Bhutan","Electricity - total solar production","2020","Kilowatt-hours, million","0.39",""
"Bhutan","Electricity - total solar production","2019","Kilowatt-hours, million","0.385",""
"Bolivia (Plur. State of)","Electricity - total solar production","2022","Kilowatt-hours, million","351.09",""
"Bolivia (Plur. State of)","Electricity - total solar production","2021","Kilowatt-hours, million","350.57",""
"Bolivia (Plur. State of)","Electricity - total solar production","2020","Kilowatt-hours, million","332.4",""
"Bolivia (Plur. State of)","Electricity - total solar production","2019","Kilowatt-hours, million","188",""
"Bonaire, St Eustatius, Saba","Electricity - total solar production","2023","Kilowatt-hours, million","11.6","1"
"Bonaire, St Eustatius, Saba","Electricity - total solar production","2022","Kilowatt-hours, million","10","1"
"Bonaire, St Eustatius, Saba","Electricity - total solar production","2021","Kilowatt-hours, million","10","1"
"Bonaire, St Eustatius, Saba","Electricity - total solar production","2020","Kilowatt-hours, million","7.6","1"
"Bonaire, St Eustatius, Saba","Electricity - total solar production","2019","Kilowatt-hours, million","8.7","1"
"Bosnia and Herzegovina","Electricity - total solar production","2022","Kilowatt-hours, million","114",""
"Bosnia and Herzegovina","Electricity - total solar production","2021","Kilowatt-hours, million","72",""
"Bosnia and Herzegovina","Electricity - total solar production","2020","Kilowatt-hours, million","45",""
"Bosnia and Herzegovina","Electricity - total solar production","2019","Kilowatt-hours, million","30",""
"Botswana","Electricity - total solar production","2023","Kilowatt-hours, million","11",""
"Botswana","Electricity - total solar production","2022","Kilowatt-hours, million","7.5",""
"Botswana","Electricity - total solar production","2021","Kilowatt-hours, million","6.27",""
"Botswana","Electricity - total solar production","2020","Kilowatt-hours, million","6.27",""
"Botswana","Electricity - total solar production","2019","Kilowatt-hours, million","4.533",""
"Brazil","Electricity - total solar production","2023","Kilowatt-hours, million","50632.887",""
"Brazil","Electricity - total solar production","2022","Kilowatt-hours, million","30126.462",""
"Brazil","Electricity - total solar production","2021","Kilowatt-hours, million","16752.281",""
"Brazil","Electricity - total solar production","2020","Kilowatt-hours, million","10750",""
"Brazil","Electricity - total solar production","2019","Kilowatt-hours, million","6655",""
"British Virgin Islands","Electricity - total solar production","2023","Kilowatt-hours, million","1.9",""
"British Virgin Islands","Electricity - total solar production","2022","Kilowatt-hours, million","1.853",""
"British Virgin Islands","Electricity - total solar production","2021","Kilowatt-hours, million","1.853",""
"British Virgin Islands","Electricity - total solar production","2020","Kilowatt-hours, million","1.695",""
"British Virgin Islands","Electricity - total solar production","2019","Kilowatt-hours, million","1.523",""
"Brunei Darussalam","Electricity - total solar production","2022","Kilowatt-hours, million","5.087",""
"Brunei Darussalam","Electricity - total solar production","2021","Kilowatt-hours, million","4.43",""
"Brunei Darussalam","Electricity - total solar production","2020","Kilowatt-hours, million","1.545",""
"Brunei Darussalam","Electricity - total solar production","2019","Kilowatt-hours, million","1.545",""
"Bulgaria","Electricity - total solar production","2022","Kilowatt-hours, million","2093.838",""
"Bulgaria","Electricity - total solar production","2021","Kilowatt-hours, million","1466.598",""
"Bulgaria","Electricity - total solar production","2020","Kilowatt-hours, million","1468.72",""
"Bulgaria","Electricity - total solar production","2019","Kilowatt-hours, million","1417.286",""
"Burkina Faso","Electricity - total solar production","2023","Kilowatt-hours, million","65","1"
"Burkina Faso","Electricity - total solar production","2022","Kilowatt-hours, million","64",""
"Burkina Faso","Electricity - total solar production","2021","Kilowatt-hours, million","58.3",""
"Burkina Faso","Electricity - total solar production","2020","Kilowatt-hours, million","57.2",""
"Burkina Faso","Electricity - total solar production","2019","Kilowatt-hours, million","82.418",""
"Burundi","Electricity - total solar production","2023","Kilowatt-hours, million","12.465",""
"Burundi","Electricity - total solar production","2022","Kilowatt-hours, million","13",""
"Burundi","Electricity - total solar production","2021","Kilowatt-hours, million","8","1"
"Burundi","Electricity - total solar production","2020","Kilowatt-hours, million","7.93",""
"Burundi","Electricity - total solar production","2019","Kilowatt-hours, million","7.93",""
"Cabo Verde","Electricity - total solar production","2023","Kilowatt-hours, million","28.645",""
"Cabo Verde","Electricity - total solar production","2022","Kilowatt-hours, million","21.9","1"
"Cabo Verde","Electricity - total solar production","2021","Kilowatt-hours, million","15",""
"Cabo Verde","Electricity - total solar production","2020","Kilowatt-hours, million","14",""
"Cabo Verde","Electricity - total solar production","2019","Kilowatt-hours, million","16",""
"Cambodia","Electricity - total solar production","2022","Kilowatt-hours, million","726.064",""
"Cambodia","Electricity - total solar production","2021","Kilowatt-hours, million","634.792",""
"Cambodia","Electricity - total solar production","2020","Kilowatt-hours, million","303.898",""
"Cambodia","Electricity - total solar production","2019","Kilowatt-hours, million","98.321",""
"Cameroon","Electricity - total solar production","2022","Kilowatt-hours, million","45.656",""
"Cameroon","Electricity - total solar production","2021","Kilowatt-hours, million","45.633",""
"Cameroon","Electricity - total solar production","2020","Kilowatt-hours, million","45",""
"Cameroon","Electricity - total solar production","2019","Kilowatt-hours, million","19.5",""
"Canada","Electricity - total solar production","2022","Kilowatt-hours, million","5737",""
"Canada","Electricity - total solar production","2021","Kilowatt-hours, million","5113",""
"Canada","Electricity - total solar production","2020","Kilowatt-hours, million","4072",""
"Canada","Electricity - total solar production","2019","Kilowatt-hours, million","3752",""
"Central African Rep.","Electricity - total solar production","2023","Kilowatt-hours, million","0.5","1"
"Central African Rep.","Electricity - total solar production","2022","Kilowatt-hours, million","0.426",""
"Central African Rep.","Electricity - total solar production","2021","Kilowatt-hours, million","0.426",""
"Central African Rep.","Electricity - total solar production","2020","Kilowatt-hours, million","0.426",""
"Central African Rep.","Electricity - total solar production","2019","Kilowatt-hours, million","0.426",""
"Chad","Electricity - total solar production","2023","Kilowatt-hours, million","1.3","1"
"Chad","Electricity - total solar production","2022","Kilowatt-hours, million","1.3","1"
"Chad","Electricity - total solar production","2021","Kilowatt-hours, million","1.3",""
"Chad","Electricity - total solar production","2020","Kilowatt-hours, million","1.2",""
"Chad","Electricity - total solar production","2019","Kilowatt-hours, million","0.4",""
"Chile","Electricity - total solar production","2022","Kilowatt-hours, million","15713.686",""
"Chile","Electricity - total solar production","2021","Kilowatt-hours, million","10565.366",""
"Chile","Electricity - total solar production","2020","Kilowatt-hours, million","7971.25",""
"Chile","Electricity - total solar production","2019","Kilowatt-hours, million","6418.554",""
"China","Electricity - total solar production","2022","Kilowatt-hours, million","427270",""
"China","Electricity - total solar production","2021","Kilowatt-hours, million","325760",""
"China","Electricity - total solar production","2020","Kilowatt-hours, million","260857",""
"China","Electricity - total solar production","2019","Kilowatt-hours, million","224460",""
"China, Macao SAR","Electricity - total solar production","2023","Kilowatt-hours, million","0.2",""
"China, Macao SAR","Electricity - total solar production","2022","Kilowatt-hours, million","0.2",""
"China, Macao SAR","Electricity - total solar production","2021","Kilowatt-hours, million","0.1",""
"China, Macao SAR","Electricity - total solar production","2020","Kilowatt-hours, million","0.03",""
"China, Macao SAR","Electricity - total solar production","2019","Kilowatt-hours, million","0.02",""
"Colombia","Electricity - total solar production","2022","Kilowatt-hours, million","517.744",""
"Colombia","Electricity - total solar production","2021","Kilowatt-hours, million","332.747",""
"Colombia","Electricity - total solar production","2020","Kilowatt-hours, million","200.796",""
"Colombia","Electricity - total solar production","2019","Kilowatt-hours, million","136.984",""
"Comoros","Electricity - total solar production","2023","Kilowatt-hours, million","4.1","1"
"Comoros","Electricity - total solar production","2022","Kilowatt-hours, million","4","1"
"Comoros","Electricity - total solar production","2021","Kilowatt-hours, million","3.9","1"
"Congo","Electricity - total solar production","2022","Kilowatt-hours, million","10.002",""
"Congo","Electricity - total solar production","2021","Kilowatt-hours, million","8.83",""
"Congo","Electricity - total solar production","2020","Kilowatt-hours, million","8.158",""
"Congo","Electricity - total solar production","2019","Kilowatt-hours, million","0.969",""
"Cook Islands","Electricity - total solar production","2023","Kilowatt-hours, million","9.043",""
"Cook Islands","Electricity - total solar production","2022","Kilowatt-hours, million","7.18",""
"Cook Islands","Electricity - total solar production","2021","Kilowatt-hours, million","7.128",""
"Cook Islands","Electricity - total solar production","2020","Kilowatt-hours, million","8.144",""
"Cook Islands","Electricity - total solar production","2019","Kilowatt-hours, million","9.805",""
"Costa Rica","Electricity - total solar production","2022","Kilowatt-hours, million","81.185",""
"Costa Rica","Electricity - total solar production","2021","Kilowatt-hours, million","82.313",""
"Costa Rica","Electricity - total solar production","2020","Kilowatt-hours, million","70.474",""
"Costa Rica","Electricity - total solar production","2019","Kilowatt-hours, million","76.87",""
"Côte d'Ivoire","Electricity - total solar production","2022","Kilowatt-hours, million","12.599",""
"Côte d'Ivoire","Electricity - total solar production","2021","Kilowatt-hours, million","17.6",""
"Côte d'Ivoire","Electricity - total solar production","2020","Kilowatt-hours, million","11.1",""
"Côte d'Ivoire","Electricity - total solar production","2019","Kilowatt-hours, million","18.402",""
"Croatia","Electricity - total solar production","2022","Kilowatt-hours, million","151.9",""
"Croatia","Electricity - total solar production","2021","Kilowatt-hours, million","148.9",""
"Croatia","Electricity - total solar production","2020","Kilowatt-hours, million","95.5",""
"Croatia","Electricity - total solar production","2019","Kilowatt-hours, million","83.1",""
"Cuba","Electricity - total solar production","2022","Kilowatt-hours, million","214",""
"Cuba","Electricity - total solar production","2021","Kilowatt-hours, million","196.1","1"
"Cuba","Electricity - total solar production","2020","Kilowatt-hours, million","192.992","1"
"Cuba","Electricity - total solar production","2019","Kilowatt-hours, million","185.5","1"
"Curaçao","Electricity - total solar production","2022","Kilowatt-hours, million","27.267",""
"Curaçao","Electricity - total solar production","2021","Kilowatt-hours, million","27.267",""
"Curaçao","Electricity - total solar production","2020","Kilowatt-hours, million","27.267",""
"Curaçao","Electricity - total solar production","2019","Kilowatt-hours, million","24.945",""
"Cyprus","Electricity - total solar production","2022","Kilowatt-hours, million","601.859",""
"Cyprus","Electricity - total solar production","2021","Kilowatt-hours, million","468.338",""
"Cyprus","Electricity - total solar production","2020","Kilowatt-hours, million","295.608",""
"Cyprus","Electricity - total solar production","2019","Kilowatt-hours, million","218.267",""
"Czechia","Electricity - total solar production","2022","Kilowatt-hours, million","2626.272",""
"Czechia","Electricity - total solar production","2021","Kilowatt-hours, million","2249.863",""
"Czechia","Electricity - total solar production","2020","Kilowatt-hours, million","2294.363",""
"Czechia","Electricity - total solar production","2019","Kilowatt-hours, million","2316.154",""
"Dem. Rep. of the Congo","Electricity - total solar production","2022","Kilowatt-hours, million","2.09",""
"Dem. Rep. of the Congo","Electricity - total solar production","2021","Kilowatt-hours, million","1.034",""
"Dem. Rep. of the Congo","Electricity - total solar production","2020","Kilowatt-hours, million","0.253",""
"Dem. Rep. of the Congo","Electricity - total solar production","2019","Kilowatt-hours, million","0.253","1"
"Denmark","Electricity - total solar production","2022","Kilowatt-hours, million","2202.567",""
"Denmark","Electricity - total solar production","2021","Kilowatt-hours, million","1308.929",""
"Denmark","Electricity - total solar production","2020","Kilowatt-hours, million","1180.532",""
"Denmark","Electricity - total solar production","2019","Kilowatt-hours, million","963.269",""
"Djibouti","Electricity - total solar production","2023","Kilowatt-hours, million","0.6","1"
"Djibouti","Electricity - total solar production","2022","Kilowatt-hours, million","0.6","1"
"Djibouti","Electricity - total solar production","2021","Kilowatt-hours, million","0.6",""
"Djibouti","Electricity - total solar production","2020","Kilowatt-hours, million","0.6",""
"Djibouti","Electricity - total solar production","2019","Kilowatt-hours, million","0.6",""
"Dominica","Electricity - total solar production","2023","Kilowatt-hours, million","0.4","1"
"Dominica","Electricity - total solar production","2022","Kilowatt-hours, million","0.38","1"
"Dominica","Electricity - total solar production","2021","Kilowatt-hours, million","0.36",""
"Dominica","Electricity - total solar production","2020","Kilowatt-hours, million","0.178",""
"Dominica","Electricity - total solar production","2019","Kilowatt-hours, million","0.178","1"
"Dominican Republic","Electricity - total solar production","2022","Kilowatt-hours, million","646.165",""
"Dominican Republic","Electricity - total solar production","2021","Kilowatt-hours, million","449.046",""
"Dominican Republic","Electricity - total solar production","2020","Kilowatt-hours, million","323.044",""
"Dominican Republic","Electricity - total solar production","2019","Kilowatt-hours, million","288.835",""
"Ecuador","Electricity - total solar production","2023","Kilowatt-hours, million","42.57",""
"Ecuador","Electricity - total solar production","2022","Kilowatt-hours, million","38.5",""
"Ecuador","Electricity - total solar production","2021","Kilowatt-hours, million","36.87",""
"Ecuador","Electricity - total solar production","2020","Kilowatt-hours, million","37.76",""
"Ecuador","Electricity - total solar production","2019","Kilowatt-hours, million","37.62",""
"Egypt","Electricity - total solar production","2022","Kilowatt-hours, million","4753",""
"Egypt","Electricity - total solar production","2021","Kilowatt-hours, million","4945",""
"Egypt","Electricity - total solar production","2020","Kilowatt-hours, million","4430.2",""
"Egypt","Electricity - total solar production","2019","Kilowatt-hours, million","1470.909",""
"El Salvador","Electricity - total solar production","2023","Kilowatt-hours, million","1194.104",""
"El Salvador","Electricity - total solar production","2022","Kilowatt-hours, million","1122.07",""
"El Salvador","Electricity - total solar production","2021","Kilowatt-hours, million","1073.20203",""
"El Salvador","Electricity - total solar production","2020","Kilowatt-hours, million","898.66046",""
"El Salvador","Electricity - total solar production","2019","Kilowatt-hours, million","488.11764",""
"Eritrea","Electricity - total solar production","2022","Kilowatt-hours, million","9.387",""
"Eritrea","Electricity - total solar production","2021","Kilowatt-hours, million","9.516",""
"Eritrea","Electricity - total solar production","2020","Kilowatt-hours, million","9.812",""
"Eritrea","Electricity - total solar production","2019","Kilowatt-hours, million","9.823",""
"Estonia","Electricity - total solar production","2022","Kilowatt-hours, million","596",""
"Estonia","Electricity - total solar production","2021","Kilowatt-hours, million","353.67",""
"Estonia","Electricity - total solar production","2020","Kilowatt-hours, million","245.132",""
"Estonia","Electricity - total solar production","2019","Kilowatt-hours, million","73.5",""
"Eswatini","Electricity - total solar production","2023","Kilowatt-hours, million","26.4",""
"Eswatini","Electricity - total solar production","2022","Kilowatt-hours, million","25.239",""
"Eswatini","Electricity - total solar production","2021","Kilowatt-hours, million","13.405",""
"Eswatini","Electricity - total solar production","2020","Kilowatt-hours, million","0.399",""
"Eswatini","Electricity - total solar production","2019","Kilowatt-hours, million","2.347",""
"Ethiopia","Electricity - total solar production","2022","Kilowatt-hours, million","35.579",""
"Ethiopia","Electricity - total solar production","2021","Kilowatt-hours, million","33.9",""
"Ethiopia","Electricity - total solar production","2020","Kilowatt-hours, million","32.3",""
"Ethiopia","Electricity - total solar production","2019","Kilowatt-hours, million","19.754",""
"Faeroe Islands","Electricity - total solar production","2023","Kilowatt-hours, million","0.18",""
"Faeroe Islands","Electricity - total solar production","2022","Kilowatt-hours, million","0.171",""
"Faeroe Islands","Electricity - total solar production","2021","Kilowatt-hours, million","0.177",""
"Faeroe Islands","Electricity - total solar production","2020","Kilowatt-hours, million","0.169",""
"Falkland Is. (Malvinas)","Electricity - total solar production","2023","Kilowatt-hours, million","0.1","1"
"Falkland Is. (Malvinas)","Electricity - total solar production","2022","Kilowatt-hours, million","0.1","1"
"Falkland Is. (Malvinas)","Electricity - total solar production","2021","Kilowatt-hours, million","0.1","1"
"Falkland Is. (Malvinas)","Electricity - total solar production","2020","Kilowatt-hours, million","0.1","1"
"Falkland Is. (Malvinas)","Electricity - total solar production","2019","Kilowatt-hours, million","0.1","1"
"Fiji","Electricity - total solar production","2023","Kilowatt-hours, million","12","1"
"Fiji","Electricity - total solar production","2022","Kilowatt-hours, million","12","1"
"Fiji","Electricity - total solar production","2021","Kilowatt-hours, million","11.93",""
"Fiji","Electricity - total solar production","2020","Kilowatt-hours, million","12.6","1"
"Fiji","Electricity - total solar production","2019","Kilowatt-hours, million","12.57",""
"Finland","Electricity - total solar production","2022","Kilowatt-hours, million","392.342",""
"Finland","Electricity - total solar production","2021","Kilowatt-hours, million","297.518",""
"Finland","Electricity - total solar production","2020","Kilowatt-hours, million","218.471",""
"Finland","Electricity - total solar production","2019","Kilowatt-hours, million","147.182",""
"France","Electricity - total solar production","2022","Kilowatt-hours, million","19627.696",""
"France","Electricity - total solar production","2021","Kilowatt-hours, million","15356.91",""
"France","Electricity - total solar production","2020","Kilowatt-hours, million","13189.172",""
"France","Electricity - total solar production","2019","Kilowatt-hours, million","12165.282",""
"French Polynesia","Electricity - total solar production","2023","Kilowatt-hours, million","50.9","1"
"French Polynesia","Electricity - total solar production","2022","Kilowatt-hours, million","49.9",""
"French Polynesia","Electricity - total solar production","2021","Kilowatt-hours, million","47.35",""
"French Polynesia","Electricity - total solar production","2020","Kilowatt-hours, million","44.09",""
"French Polynesia","Electricity - total solar production","2019","Kilowatt-hours, million","42.5",""
"Gabon","Electricity - total solar production","2022","Kilowatt-hours, million","2.67",""
"Gabon","Electricity - total solar production","2021","Kilowatt-hours, million","1.92",""
"Gabon","Electricity - total solar production","2020","Kilowatt-hours, million","1.92",""
"Gabon","Electricity - total solar production","2019","Kilowatt-hours, million","1.92",""
"Gambia","Electricity - total solar production","2023","Kilowatt-hours, million","4.162","1"
"Gambia","Electricity - total solar production","2022","Kilowatt-hours, million","4.16","1"
"Gambia","Electricity - total solar production","2021","Kilowatt-hours, million","4.16",""
"Gambia","Electricity - total solar production","2020","Kilowatt-hours, million","4.27",""
"Gambia","Electricity - total solar production","2019","Kilowatt-hours, million","4.27",""
"Germany","Electricity - total solar production","2022","Kilowatt-hours, million","60304",""
"Germany","Electricity - total solar production","2021","Kilowatt-hours, million","50472",""
"Germany","Electricity - total solar production","2020","Kilowatt-hours, million","49496",""
"Germany","Electricity - total solar production","2019","Kilowatt-hours, million","44383",""
"Ghana","Electricity - total solar production","2023","Kilowatt-hours, million","147.8",""
"Ghana","Electricity - total solar production","2022","Kilowatt-hours, million","161.5",""
"Ghana","Electricity - total solar production","2021","Kilowatt-hours, million","122.241",""
"Ghana","Electricity - total solar production","2020","Kilowatt-hours, million","56.9",""
"Ghana","Electricity - total solar production","2019","Kilowatt-hours, million","51.8",""
"Greece","Electricity - total solar production","2022","Kilowatt-hours, million","7139.715",""
"Greece","Electricity - total solar production","2021","Kilowatt-hours, million","5250.978",""
"Greece","Electricity - total solar production","2020","Kilowatt-hours, million","4446.854",""
"Greece","Electricity - total solar production","2019","Kilowatt-hours, million","4428.51",""
"Grenada","Electricity - total solar production","2023","Kilowatt-hours, million","4.52","1"
"Grenada","Electricity - total solar production","2022","Kilowatt-hours, million","4.512","1"
"Grenada","Electricity - total solar production","2021","Kilowatt-hours, million","4.381","1"
"Grenada","Electricity - total solar production","2020","Kilowatt-hours, million","4.253",""
"Grenada","Electricity - total solar production","2019","Kilowatt-hours, million","3.734",""
"Guam","Electricity - total solar production","2023","Kilowatt-hours, million","94.44","1"
"Guam","Electricity - total solar production","2022","Kilowatt-hours, million","102.04","1"
"Guam","Electricity - total solar production","2021","Kilowatt-hours, million","67.962","1"
"Guam","Electricity - total solar production","2020","Kilowatt-hours, million","67.962",""
"Guam","Electricity - total solar production","2019","Kilowatt-hours, million","67.962",""
"Guatemala","Electricity - total solar production","2023","Kilowatt-hours, million","245.9",""
"Guatemala","Electricity - total solar production","2022","Kilowatt-hours, million","220.46",""
"Guatemala","Electricity - total solar production","2021","Kilowatt-hours, million","229.6",""
"Guatemala","Electricity - total solar production","2020","Kilowatt-hours, million","222.095",""
"Guatemala","Electricity - total solar production","2019","Kilowatt-hours, million","198.74",""
"Guernsey","Electricity - total solar production","2023","Kilowatt-hours, million","0.443",""
"Guernsey","Electricity - total solar production","2022","Kilowatt-hours, million","0.367",""
"Guernsey","Electricity - total solar production","2021","Kilowatt-hours, million","0.39",""
"Guernsey","Electricity - total solar production","2020","Kilowatt-hours, million","0.369",""
"Guernsey","Electricity - total solar production","2019","Kilowatt-hours, million","0.123",""
"Guinea-Bissau","Electricity - total solar production","2023","Kilowatt-hours, million","15","1"
"Guinea-Bissau","Electricity - total solar production","2022","Kilowatt-hours, million","15","1"
"Guinea-Bissau","Electricity - total solar production","2021","Kilowatt-hours, million","14.03",""
"Guinea-Bissau","Electricity - total solar production","2020","Kilowatt-hours, million","12.76",""
"Guinea-Bissau","Electricity - total solar production","2019","Kilowatt-hours, million","10.6",""
"Guyana","Electricity - total solar production","2023","Kilowatt-hours, million","22.106","1"
"Guyana","Electricity - total solar production","2022","Kilowatt-hours, million","17.65",""
"Guyana","Electricity - total solar production","2021","Kilowatt-hours, million","14.092",""
"Guyana","Electricity - total solar production","2020","Kilowatt-hours, million","11.77",""
"Guyana","Electricity - total solar production","2019","Kilowatt-hours, million","10.86",""
"Haiti","Electricity - total solar production","2022","Kilowatt-hours, million","3.443",""
"Haiti","Electricity - total solar production","2021","Kilowatt-hours, million","3.443",""
"Haiti","Electricity - total solar production","2020","Kilowatt-hours, million","3.444",""
"Haiti","Electricity - total solar production","2019","Kilowatt-hours, million","3.444",""
"Honduras","Electricity - total solar production","2023","Kilowatt-hours, million","1090.78909762",""
"Honduras","Electricity - total solar production","2022","Kilowatt-hours, million","1015.7589",""
"Honduras","Electricity - total solar production","2021","Kilowatt-hours, million","1128.681",""
"Honduras","Electricity - total solar production","2020","Kilowatt-hours, million","1112.812",""
"Honduras","Electricity - total solar production","2019","Kilowatt-hours, million","1175.6",""
"Hungary","Electricity - total solar production","2022","Kilowatt-hours, million","4732",""
"Hungary","Electricity - total solar production","2021","Kilowatt-hours, million","3796",""
"Hungary","Electricity - total solar production","2020","Kilowatt-hours, million","2459",""
"Hungary","Electricity - total solar production","2019","Kilowatt-hours, million","1497",""
"India","Electricity - total solar production","2022","Kilowatt-hours, million","104740","1"
"India","Electricity - total solar production","2021","Kilowatt-hours, million","75566","1"
"India","Electricity - total solar production","2020","Kilowatt-hours, million","61291","1"
"India","Electricity - total solar production","2019","Kilowatt-hours, million","50563","1"
"Indonesia","Electricity - total solar production","2022","Kilowatt-hours, million","218",""
"Indonesia","Electricity - total solar production","2021","Kilowatt-hours, million","120",""
"Indonesia","Electricity - total solar production","2020","Kilowatt-hours, million","9.46",""
"Indonesia","Electricity - total solar production","2019","Kilowatt-hours, million","9.51",""
"Iran (Islamic Rep. of)","Electricity - total solar production","2022","Kilowatt-hours, million","735.729",""
"Iran (Islamic Rep. of)","Electricity - total solar production","2021","Kilowatt-hours, million","621.805",""
"Iran (Islamic Rep. of)","Electricity - total solar production","2020","Kilowatt-hours, million","583.887",""
"Iran (Islamic Rep. of)","Electricity - total solar production","2019","Kilowatt-hours, million","672.755",""
"Iraq","Electricity - total solar production","2022","Kilowatt-hours, million","61.23",""
"Iraq","Electricity - total solar production","2021","Kilowatt-hours, million","57.3",""
"Iraq","Electricity - total solar production","2020","Kilowatt-hours, million","57.3",""
"Iraq","Electricity - total solar production","2019","Kilowatt-hours, million","57.3",""
"Ireland","Electricity - total solar production","2022","Kilowatt-hours, million","148.296",""
"Ireland","Electricity - total solar production","2021","Kilowatt-hours, million","79.417",""
"Ireland","Electricity - total solar production","2020","Kilowatt-hours, million","53.171",""
"Ireland","Electricity - total solar production","2019","Kilowatt-hours, million","33.261",""
"Israel","Electricity - total solar production","2022","Kilowatt-hours, million","6083.555",""
"Israel","Electricity - total solar production","2021","Kilowatt-hours, million","5350.68",""
"Israel","Electricity - total solar production","2020","Kilowatt-hours, million","4162.997",""
"Israel","Electricity - total solar production","2019","Kilowatt-hours, million","3114.501",""
"Italy","Electricity - total solar production","2022","Kilowatt-hours, million","28121.457",""
"Italy","Electricity - total solar production","2021","Kilowatt-hours, million","25038.99",""
"Italy","Electricity - total solar production","2020","Kilowatt-hours, million","24941.504",""
"Italy","Electricity - total solar production","2019","Kilowatt-hours, million","23688.9",""
"Jamaica","Electricity - total solar production","2023","Kilowatt-hours, million","189.52",""
"Jamaica","Electricity - total solar production","2022","Kilowatt-hours, million","209.22",""
"Jamaica","Electricity - total solar production","2021","Kilowatt-hours, million","132",""
"Jamaica","Electricity - total solar production","2020","Kilowatt-hours, million","124",""
"Jamaica","Electricity - total solar production","2019","Kilowatt-hours, million","90",""
"Japan","Electricity - total solar production","2022","Kilowatt-hours, million","92613.902",""
"Japan","Electricity - total solar production","2021","Kilowatt-hours, million","86080.811",""
"Japan","Electricity - total solar production","2020","Kilowatt-hours, million","79086.858",""
"Japan","Electricity - total solar production","2019","Kilowatt-hours, million","69381.534",""
"Jordan","Electricity - total solar production","2022","Kilowatt-hours, million","3872.9",""
"Jordan","Electricity - total solar production","2021","Kilowatt-hours, million","3506.7",""
"Jordan","Electricity - total solar production","2020","Kilowatt-hours, million","2852",""
"Jordan","Electricity - total solar production","2019","Kilowatt-hours, million","2086.2",""
"Kazakhstan","Electricity - total solar production","2023","Kilowatt-hours, million","1872.7",""
"Kazakhstan","Electricity - total solar production","2022","Kilowatt-hours, million","1757.8",""
"Kazakhstan","Electricity - total solar production","2021","Kilowatt-hours, million","1629.07",""
"Kazakhstan","Electricity - total solar production","2020","Kilowatt-hours, million","1490.368",""
"Kazakhstan","Electricity - total solar production","2019","Kilowatt-hours, million","830.84",""
"Kenya","Electricity - total solar production","2022","Kilowatt-hours, million","384",""
"Kenya","Electricity - total solar production","2021","Kilowatt-hours, million","167.4",""
"Kenya","Electricity - total solar production","2020","Kilowatt-hours, million","88.4",""
"Kenya","Electricity - total solar production","2019","Kilowatt-hours, million","92.3",""
"Kiribati","Electricity - total solar production","2023","Kilowatt-hours, million","5.1","1"
"Kiribati","Electricity - total solar production","2022","Kilowatt-hours, million","5.1","1"
"Kiribati","Electricity - total solar production","2021","Kilowatt-hours, million","5","1"
"Kiribati","Electricity - total solar production","2020","Kilowatt-hours, million","5.1","1"
"Kiribati","Electricity - total solar production","2019","Kilowatt-hours, million","5",""
"Korea, Dem.Ppl's.Rep.","Electricity - total solar production","2022","Kilowatt-hours, million","65.197",""
"Korea, Dem.Ppl's.Rep.","Electricity - total solar production","2021","Kilowatt-hours, million","65.197",""
"Korea, Dem.Ppl's.Rep.","Electricity - total solar production","2020","Kilowatt-hours, million","52.606",""
"Korea, Dem.Ppl's.Rep.","Electricity - total solar production","2019","Kilowatt-hours, million","52.606",""
"Korea, Republic of","Electricity - total solar production","2022","Kilowatt-hours, million","28918.193",""
"Korea, Republic of","Electricity - total solar production","2021","Kilowatt-hours, million","23394.938",""
"Korea, Republic of","Electricity - total solar production","2020","Kilowatt-hours, million","17967.196",""
"Korea, Republic of","Electricity - total solar production","2019","Kilowatt-hours, million","12996.018",""
"Kosovo","Electricity - total solar production","2022","Kilowatt-hours, million","13.792",""
"Kosovo","Electricity - total solar production","2021","Kilowatt-hours, million","16.035",""
"Kosovo","Electricity - total solar production","2020","Kilowatt-hours, million","11.946",""
"Kosovo","Electricity - total solar production","2019","Kilowatt-hours, million","10.549",""
"Kuwait","Electricity - total solar production","2022","Kilowatt-hours, million","129.49",""
"Kuwait","Electricity - total solar production","2021","Kilowatt-hours, million","158.599",""
"Kuwait","Electricity - total solar production","2020","Kilowatt-hours, million","180.06",""
"Kuwait","Electricity - total solar production","2019","Kilowatt-hours, million","95.676",""
"Lao People's Dem. Rep.","Electricity - total solar production","2023","Kilowatt-hours, million","85","1"
"Lao People's Dem. Rep.","Electricity - total solar production","2022","Kilowatt-hours, million","79.455",""
"Lao People's Dem. Rep.","Electricity - total solar production","2021","Kilowatt-hours, million","60.9",""
"Lao People's Dem. Rep.","Electricity - total solar production","2020","Kilowatt-hours, million","45","1"
"Lao People's Dem. Rep.","Electricity - total solar production","2019","Kilowatt-hours, million","40.02",""
"Latvia","Electricity - total solar production","2022","Kilowatt-hours, million","41.276",""
"Latvia","Electricity - total solar production","2021","Kilowatt-hours, million","6.797",""
"Latvia","Electricity - total solar production","2020","Kilowatt-hours, million","4.847",""
"Latvia","Electricity - total solar production","2019","Kilowatt-hours, million","3.137",""
"Lebanon","Electricity - total solar production","2023","Kilowatt-hours, million","1450","1"
"Lebanon","Electricity - total solar production","2022","Kilowatt-hours, million","1262.343",""
"Lebanon","Electricity - total solar production","2021","Kilowatt-hours, million","308.887",""
"Lebanon","Electricity - total solar production","2020","Kilowatt-hours, million","132.677",""
"Lebanon","Electricity - total solar production","2019","Kilowatt-hours, million","112.229",""
"Lesotho","Electricity - total solar production","2023","Kilowatt-hours, million","37.380503",""
"Lesotho","Electricity - total solar production","2022","Kilowatt-hours, million","0.5625",""
"Lesotho","Electricity - total solar production","2021","Kilowatt-hours, million","0.5059771",""
"Liberia","Electricity - total solar production","2023","Kilowatt-hours, million","4.79","1"
"Liberia","Electricity - total solar production","2022","Kilowatt-hours, million","5.032","1"
"Liberia","Electricity - total solar production","2021","Kilowatt-hours, million","5.022","1"
"Liberia","Electricity - total solar production","2020","Kilowatt-hours, million","4","1"
"Liberia","Electricity - total solar production","2019","Kilowatt-hours, million","4","1"
"Libya","Electricity - total solar production","2022","Kilowatt-hours, million","9.656",""
"Libya","Electricity - total solar production","2021","Kilowatt-hours, million","9.148",""
"Libya","Electricity - total solar production","2020","Kilowatt-hours, million","7.791",""
"Libya","Electricity - total solar production","2019","Kilowatt-hours, million","7.791",""
"Liechtenstein","Electricity - total solar production","2023","Kilowatt-hours, million","45.9",""
"Liechtenstein","Electricity - total solar production","2022","Kilowatt-hours, million","39.3",""
"Liechtenstein","Electricity - total solar production","2021","Kilowatt-hours, million","30.7",""
"Liechtenstein","Electricity - total solar production","2020","Kilowatt-hours, million","29.7",""
"Liechtenstein","Electricity - total solar production","2019","Kilowatt-hours, million","26",""
"Lithuania","Electricity - total solar production","2022","Kilowatt-hours, million","342",""
"Lithuania","Electricity - total solar production","2021","Kilowatt-hours, million","190.8",""
"Lithuania","Electricity - total solar production","2020","Kilowatt-hours, million","128.8",""
"Lithuania","Electricity - total solar production","2019","Kilowatt-hours, million","91.1",""
"Luxembourg","Electricity - total solar production","2022","Kilowatt-hours, million","276.268",""
"Luxembourg","Electricity - total solar production","2021","Kilowatt-hours, million","180.187",""
"Luxembourg","Electricity - total solar production","2020","Kilowatt-hours, million","161.261",""
"Luxembourg","Electricity - total solar production","2019","Kilowatt-hours, million","130.385",""
"Madagascar","Electricity - total solar production","2023","Kilowatt-hours, million","57",""
"Madagascar","Electricity - total solar production","2022","Kilowatt-hours, million","53.3",""
"Madagascar","Electricity - total solar production","2021","Kilowatt-hours, million","36.02",""
"Madagascar","Electricity - total solar production","2020","Kilowatt-hours, million","32",""
"Madagascar","Electricity - total solar production","2019","Kilowatt-hours, million","32",""
"Malawi","Electricity - total solar production","2023","Kilowatt-hours, million","170","1"
"Malawi","Electricity - total solar production","2022","Kilowatt-hours, million","165.43",""
"Malawi","Electricity - total solar production","2021","Kilowatt-hours, million","39.75",""
"Malawi","Electricity - total solar production","2020","Kilowatt-hours, million","0.18",""
"Malawi","Electricity - total solar production","2019","Kilowatt-hours, million","165",""
"Malaysia","Electricity - total solar production","2022","Kilowatt-hours, million","2291.737",""
"Malaysia","Electricity - total solar production","2021","Kilowatt-hours, million","2120",""
"Malaysia","Electricity - total solar production","2020","Kilowatt-hours, million","2135.855",""
"Malaysia","Electricity - total solar production","2019","Kilowatt-hours, million","1490.24",""
"Maldives","Electricity - total solar production","2023","Kilowatt-hours, million","53.7",""
"Maldives","Electricity - total solar production","2022","Kilowatt-hours, million","46.2",""
"Maldives","Electricity - total solar production","2021","Kilowatt-hours, million","42.1",""
"Maldives","Electricity - total solar production","2020","Kilowatt-hours, million","40.058",""
"Maldives","Electricity - total solar production","2019","Kilowatt-hours, million","30.908",""
"Mali","Electricity - total solar production","2023","Kilowatt-hours, million","127","1"
"Mali","Electricity - total solar production","2022","Kilowatt-hours, million","125",""
"Mali","Electricity - total solar production","2021","Kilowatt-hours, million","115.3",""
"Mali","Electricity - total solar production","2020","Kilowatt-hours, million","92.727",""
"Mali","Electricity - total solar production","2019","Kilowatt-hours, million","33.395",""
"Malta","Electricity - total solar production","2022","Kilowatt-hours, million","289.512",""
"Malta","Electricity - total solar production","2021","Kilowatt-hours, million","255.77",""
"Malta","Electricity - total solar production","2020","Kilowatt-hours, million","236.866",""
"Malta","Electricity - total solar production","2019","Kilowatt-hours, million","195.386",""
"Marshall Islands","Electricity - total solar production","2023","Kilowatt-hours, million","2","1"
"Marshall Islands","Electricity - total solar production","2022","Kilowatt-hours, million","2","1"
"Marshall Islands","Electricity - total solar production","2021","Kilowatt-hours, million","2",""
"Marshall Islands","Electricity - total solar production","2020","Kilowatt-hours, million","2",""
"Marshall Islands","Electricity - total solar production","2019","Kilowatt-hours, million","2",""
"Mauritania","Electricity - total solar production","2023","Kilowatt-hours, million","123","1"
"Mauritania","Electricity - total solar production","2022","Kilowatt-hours, million","118.797",""
"Mauritania","Electricity - total solar production","2021","Kilowatt-hours, million","145.34","1"
"Mauritania","Electricity - total solar production","2020","Kilowatt-hours, million","145.029",""
"Mauritania","Electricity - total solar production","2019","Kilowatt-hours, million","149.399","1"
"Mauritius","Electricity - total solar production","2022","Kilowatt-hours, million","154.5",""
"Mauritius","Electricity - total solar production","2021","Kilowatt-hours, million","151.38",""
"Mauritius","Electricity - total solar production","2020","Kilowatt-hours, million","145.86",""
"Mauritius","Electricity - total solar production","2019","Kilowatt-hours, million","128.44",""
"Mexico","Electricity - total solar production","2022","Kilowatt-hours, million","20542",""
"Mexico","Electricity - total solar production","2021","Kilowatt-hours, million","13010",""
"Mexico","Electricity - total solar production","2020","Kilowatt-hours, million","9115",""
"Mexico","Electricity - total solar production","2019","Kilowatt-hours, million","7057",""
"Micronesia (Fed. States of)","Electricity - total solar production","2023","Kilowatt-hours, million","3.161","1"
"Micronesia (Fed. States of)","Electricity - total solar production","2022","Kilowatt-hours, million","3.161","1"
"Micronesia (Fed. States of)","Electricity - total solar production","2021","Kilowatt-hours, million","3.161",""
"Micronesia (Fed. States of)","Electricity - total solar production","2020","Kilowatt-hours, million","3.161",""
"Micronesia (Fed. States of)","Electricity - total solar production","2019","Kilowatt-hours, million","2.98",""
"Mongolia","Electricity - total solar production","2023","Kilowatt-hours, million","184.206",""
"Mongolia","Electricity - total solar production","2022","Kilowatt-hours, million","77.909",""
"Mongolia","Electricity - total solar production","2021","Kilowatt-hours, million","59",""
"Mongolia","Electricity - total solar production","2020","Kilowatt-hours, million","59",""
"Mongolia","Electricity - total solar production","2019","Kilowatt-hours, million","59","1"
"Montenegro","Electricity - total solar production","2023","Kilowatt-hours, million","17.2",""
"Montenegro","Electricity - total solar production","2022","Kilowatt-hours, million","2.8",""
"Montenegro","Electricity - total solar production","2021","Kilowatt-hours, million","2.5",""
"Montenegro","Electricity - total solar production","2020","Kilowatt-hours, million","2.3",""
"Montenegro","Electricity - total solar production","2019","Kilowatt-hours, million","2.3",""
"Montserrat","Electricity - total solar production","2023","Kilowatt-hours, million","1.535",""
"Montserrat","Electricity - total solar production","2022","Kilowatt-hours, million","0.192",""
"Montserrat","Electricity - total solar production","2021","Kilowatt-hours, million","0.321",""
"Montserrat","Electricity - total solar production","2020","Kilowatt-hours, million","0.46",""
"Montserrat","Electricity - total solar production","2019","Kilowatt-hours, million","0.31",""
"Morocco","Electricity - total solar production","2022","Kilowatt-hours, million","1447.747",""
"Morocco","Electricity - total solar production","2021","Kilowatt-hours, million","1820.206",""
"Morocco","Electricity - total solar production","2020","Kilowatt-hours, million","1519.834",""
"Morocco","Electricity - total solar production","2019","Kilowatt-hours, million","1581.495",""
"Mozambique","Electricity - total solar production","2022","Kilowatt-hours, million","71.85",""
"Mozambique","Electricity - total solar production","2021","Kilowatt-hours, million","69.2",""
"Mozambique","Electricity - total solar production","2020","Kilowatt-hours, million","70.143",""
"Mozambique","Electricity - total solar production","2019","Kilowatt-hours, million","30.585",""
"Myanmar","Electricity - total solar production","2023","Kilowatt-hours, million","376.94",""
"Myanmar","Electricity - total solar production","2022","Kilowatt-hours, million","194.41",""
"Myanmar","Electricity - total solar production","2021","Kilowatt-hours, million","135.12",""
"Myanmar","Electricity - total solar production","2020","Kilowatt-hours, million","79.05",""
"Myanmar","Electricity - total solar production","2019","Kilowatt-hours, million","81.06",""
"Namibia","Electricity - total solar production","2023","Kilowatt-hours, million","401.2",""
"Namibia","Electricity - total solar production","2022","Kilowatt-hours, million","356",""
"Namibia","Electricity - total solar production","2021","Kilowatt-hours, million","436.55",""
"Namibia","Electricity - total solar production","2020","Kilowatt-hours, million","420.55",""
"Namibia","Electricity - total solar production","2019","Kilowatt-hours, million","374.55",""
"Nauru","Electricity - total solar production","2023","Kilowatt-hours, million","3.2","1"
"Nauru","Electricity - total solar production","2022","Kilowatt-hours, million","3.186","1"
"Nauru","Electricity - total solar production","2021","Kilowatt-hours, million","3","1"
"Nauru","Electricity - total solar production","2020","Kilowatt-hours, million","2.359",""
"Nauru","Electricity - total solar production","2019","Kilowatt-hours, million","0.992",""
"Nepal","Electricity - total solar production","2023","Kilowatt-hours, million","103.22",""
"Nepal","Electricity - total solar production","2022","Kilowatt-hours, million","47",""
"Nepal","Electricity - total solar production","2021","Kilowatt-hours, million","133.253",""
"Nepal","Electricity - total solar production","2020","Kilowatt-hours, million","95.646",""
"Nepal","Electricity - total solar production","2019","Kilowatt-hours, million","72.551",""
"Netherlands (Kingd. of the)","Electricity - total solar production","2022","Kilowatt-hours, million","17078.783",""
"Netherlands (Kingd. of the)","Electricity - total solar production","2021","Kilowatt-hours, million","11303.873",""
"Netherlands (Kingd. of the)","Electricity - total solar production","2020","Kilowatt-hours, million","8568.31",""
"Netherlands (Kingd. of the)","Electricity - total solar production","2019","Kilowatt-hours, million","5399.405",""
"New Caledonia","Electricity - total solar production","2023","Kilowatt-hours, million","284.366",""
"New Caledonia","Electricity - total solar production","2022","Kilowatt-hours, million","226.19",""
"New Caledonia","Electricity - total solar production","2021","Kilowatt-hours, million","187.647",""
"New Caledonia","Electricity - total solar production","2020","Kilowatt-hours, million","150.495",""
"New Caledonia","Electricity - total solar production","2019","Kilowatt-hours, million","116.121",""
"New Zealand","Electricity - total solar production","2022","Kilowatt-hours, million","280.785",""
"New Zealand","Electricity - total solar production","2021","Kilowatt-hours, million","208.404",""
"New Zealand","Electricity - total solar production","2020","Kilowatt-hours, million","161.179",""
"New Zealand","Electricity - total solar production","2019","Kilowatt-hours, million","128.036",""
"Nicaragua","Electricity - total solar production","2022","Kilowatt-hours, million","26.099",""
"Nicaragua","Electricity - total solar production","2021","Kilowatt-hours, million","27.271",""
"Nicaragua","Electricity - total solar production","2020","Kilowatt-hours, million","25.952",""
"Nicaragua","Electricity - total solar production","2019","Kilowatt-hours, million","25.641",""
"Niger","Electricity - total solar production","2022","Kilowatt-hours, million","24.24",""
"Niger","Electricity - total solar production","2021","Kilowatt-hours, million","46","1"
"Niger","Electricity - total solar production","2020","Kilowatt-hours, million","24.34",""
"Niger","Electricity - total solar production","2019","Kilowatt-hours, million","32.7",""
"Nigeria","Electricity - total solar production","2022","Kilowatt-hours, million","100.694",""
"Nigeria","Electricity - total solar production","2021","Kilowatt-hours, million","48.741",""
"Nigeria","Electricity - total solar production","2020","Kilowatt-hours, million","41.988",""
"Nigeria","Electricity - total solar production","2019","Kilowatt-hours, million","41.295",""
"Niue","Electricity - total solar production","2023","Kilowatt-hours, million","0.48","1"
"Niue","Electricity - total solar production","2022","Kilowatt-hours, million","0.48","1"
"Niue","Electricity - total solar production","2021","Kilowatt-hours, million","0.48","1"
"Niue","Electricity - total solar production","2020","Kilowatt-hours, million","0.48","1"
"Niue","Electricity - total solar production","2019","Kilowatt-hours, million","0.48","1"
"North Macedonia","Electricity - total solar production","2023","Kilowatt-hours, million","307.467",""
"North Macedonia","Electricity - total solar production","2022","Kilowatt-hours, million","91.888",""
"North Macedonia","Electricity - total solar production","2021","Kilowatt-hours, million","50.999",""
"North Macedonia","Electricity - total solar production","2020","Kilowatt-hours, million","24.162",""
"North Macedonia","Electricity - total solar production","2019","Kilowatt-hours, million","23.225",""
"Northern Mariana Islands","Electricity - total solar production","2023","Kilowatt-hours, million","5.3","1"
"Northern Mariana Islands","Electricity - total solar production","2022","Kilowatt-hours, million","5","1"
"Northern Mariana Islands","Electricity - total solar production","2021","Kilowatt-hours, million","5","1"
"Northern Mariana Islands","Electricity - total solar production","2020","Kilowatt-hours, million","3","1"
"Norway","Electricity - total solar production","2022","Kilowatt-hours, million","172.866",""
"Norway","Electricity - total solar production","2021","Kilowatt-hours, million","108.939",""
"Norway","Electricity - total solar production","2020","Kilowatt-hours, million","82.322",""
"Norway","Electricity - total solar production","2019","Kilowatt-hours, million","12.842",""
"Oman","Electricity - total solar production","2022","Kilowatt-hours, million","135","1"
"Oman","Electricity - total solar production","2021","Kilowatt-hours, million","130","1"
"Oman","Electricity - total solar production","2020","Kilowatt-hours, million","127.548",""
"Oman","Electricity - total solar production","2019","Kilowatt-hours, million","16.555",""
"Other Asia","Electricity - total solar production","2022","Kilowatt-hours, million","10676.988",""
"Other Asia","Electricity - total solar production","2021","Kilowatt-hours, million","7968.746",""
"Other Asia","Electricity - total solar production","2020","Kilowatt-hours, million","6074.674",""
"Other Asia","Electricity - total solar production","2019","Kilowatt-hours, million","4015.948",""
"Pakistan","Electricity - total solar production","2022","Kilowatt-hours, million","1092",""
"Pakistan","Electricity - total solar production","2021","Kilowatt-hours, million","971",""
"Pakistan","Electricity - total solar production","2020","Kilowatt-hours, million","911",""
"Pakistan","Electricity - total solar production","2019","Kilowatt-hours, million","708",""
"Palau","Electricity - total solar production","2023","Kilowatt-hours, million","4","1"
"Palau","Electricity - total solar production","2022","Kilowatt-hours, million","4","1"
"Palau","Electricity - total solar production","2021","Kilowatt-hours, million","4",""
"Palau","Electricity - total solar production","2020","Kilowatt-hours, million","4","1"
"Palau","Electricity - total solar production","2019","Kilowatt-hours, million","4","1"
"Panama","Electricity - total solar production","2023","Kilowatt-hours, million","914.29",""
"Panama","Electricity - total solar production","2022","Kilowatt-hours, million","726.84",""
"Panama","Electricity - total solar production","2021","Kilowatt-hours, million","612.32",""
"Panama","Electricity - total solar production","2020","Kilowatt-hours, million","345.8",""
"Panama","Electricity - total solar production","2019","Kilowatt-hours, million","323.68",""
"Papua New Guinea","Electricity - total solar production","2023","Kilowatt-hours, million","5.8","1"
"Papua New Guinea","Electricity - total solar production","2022","Kilowatt-hours, million","5.64",""
"Papua New Guinea","Electricity - total solar production","2021","Kilowatt-hours, million","5.29",""
"Papua New Guinea","Electricity - total solar production","2020","Kilowatt-hours, million","4.51",""
"Papua New Guinea","Electricity - total solar production","2019","Kilowatt-hours, million","4.34",""
"Peru","Electricity - total solar production","2022","Kilowatt-hours, million","880.551",""
"Peru","Electricity - total solar production","2021","Kilowatt-hours, million","861.258",""
"Peru","Electricity - total solar production","2020","Kilowatt-hours, million","855.559",""
"Peru","Electricity - total solar production","2019","Kilowatt-hours, million","832.851",""
"Philippines","Electricity - total solar production","2022","Kilowatt-hours, million","1822",""
"Philippines","Electricity - total solar production","2021","Kilowatt-hours, million","1469.5",""
"Philippines","Electricity - total solar production","2020","Kilowatt-hours, million","1372.6",""
"Philippines","Electricity - total solar production","2019","Kilowatt-hours, million","1246.1",""
"Poland","Electricity - total solar production","2022","Kilowatt-hours, million","8309.67",""
"Poland","Electricity - total solar production","2021","Kilowatt-hours, million","3934.448",""
"Poland","Electricity - total solar production","2020","Kilowatt-hours, million","1957.916",""
"Poland","Electricity - total solar production","2019","Kilowatt-hours, million","710.673",""
"Portugal","Electricity - total solar production","2022","Kilowatt-hours, million","3519.034",""
"Portugal","Electricity - total solar production","2021","Kilowatt-hours, million","2237.164",""
"Portugal","Electricity - total solar production","2020","Kilowatt-hours, million","1715.59",""
"Portugal","Electricity - total solar production","2019","Kilowatt-hours, million","1342.252",""
"Puerto Rico","Electricity - total solar production","2023","Kilowatt-hours, million","260","1"
"Puerto Rico","Electricity - total solar production","2022","Kilowatt-hours, million","252.977",""
"Puerto Rico","Electricity - total solar production","2021","Kilowatt-hours, million","273.2",""
"Puerto Rico","Electricity - total solar production","2020","Kilowatt-hours, million","259.4",""
"Puerto Rico","Electricity - total solar production","2019","Kilowatt-hours, million","242",""
"Republic of Moldova","Electricity - total solar production","2023","Kilowatt-hours, million","162.8",""
"Republic of Moldova","Electricity - total solar production","2022","Kilowatt-hours, million","53",""
"Republic of Moldova","Electricity - total solar production","2021","Kilowatt-hours, million","10",""
"Republic of Moldova","Electricity - total solar production","2020","Kilowatt-hours, million","4",""
"Republic of Moldova","Electricity - total solar production","2019","Kilowatt-hours, million","3",""
"Romania","Electricity - total solar production","2022","Kilowatt-hours, million","1988.419",""
"Romania","Electricity - total solar production","2021","Kilowatt-hours, million","1703.35",""
"Romania","Electricity - total solar production","2020","Kilowatt-hours, million","1733.375",""
"Romania","Electricity - total solar production","2019","Kilowatt-hours, million","1777.615",""
"Russian Federation","Electricity - total solar production","2022","Kilowatt-hours, million","2556",""
"Russian Federation","Electricity - total solar production","2021","Kilowatt-hours, million","2224.5",""
"Russian Federation","Electricity - total solar production","2020","Kilowatt-hours, million","2022.4",""
"Russian Federation","Electricity - total solar production","2019","Kilowatt-hours, million","1279.42",""
"Rwanda","Electricity - total solar production","2023","Kilowatt-hours, million","17.828",""
"Rwanda","Electricity - total solar production","2022","Kilowatt-hours, million","17.535",""
"Rwanda","Electricity - total solar production","2021","Kilowatt-hours, million","17.9",""
"Rwanda","Electricity - total solar production","2020","Kilowatt-hours, million","18.1",""
"Rwanda","Electricity - total solar production","2019","Kilowatt-hours, million","17.7",""
"Saint Barthélemy","Electricity - total solar production","2023","Kilowatt-hours, million","0.05","1"
"Saint Barthélemy","Electricity - total solar production","2022","Kilowatt-hours, million","0.05","1"
"Saint Barthélemy","Electricity - total solar production","2021","Kilowatt-hours, million","0.041",""
"Saint Barthélemy","Electricity - total solar production","2020","Kilowatt-hours, million","0.041",""
"Saint Barthélemy","Electricity - total solar production","2019","Kilowatt-hours, million","0.041",""
"Saint Martin (French Part)","Electricity - total solar production","2023","Kilowatt-hours, million","1.5","1"
"Saint Martin (French Part)","Electricity - total solar production","2022","Kilowatt-hours, million","1.4","1"
"Saint Martin (French Part)","Electricity - total solar production","2021","Kilowatt-hours, million","1.3","1"
"Saint Martin (French Part)","Electricity - total solar production","2020","Kilowatt-hours, million","1.2",""
"Saint Martin (French Part)","Electricity - total solar production","2019","Kilowatt-hours, million","0.4",""
"Samoa","Electricity - total solar production","2023","Kilowatt-hours, million","19.811",""
"Samoa","Electricity - total solar production","2022","Kilowatt-hours, million","22.192",""
"Samoa","Electricity - total solar production","2021","Kilowatt-hours, million","21.442",""
"Samoa","Electricity - total solar production","2020","Kilowatt-hours, million","23.875",""
"Samoa","Electricity - total solar production","2019","Kilowatt-hours, million","23.59",""
"Sao Tome and Principe","Electricity - total solar production","2023","Kilowatt-hours, million","0.6","1"
"Sao Tome and Principe","Electricity - total solar production","2022","Kilowatt-hours, million","0.6","1"
"Sao Tome and Principe","Electricity - total solar production","2021","Kilowatt-hours, million","0.4","1"
"Sao Tome and Principe","Electricity - total solar production","2020","Kilowatt-hours, million","0.4","1"
"Sao Tome and Principe","Electricity - total solar production","2019","Kilowatt-hours, million","0.4","1"
"Saudi Arabia","Electricity - total solar production","2022","Kilowatt-hours, million","940",""
"Saudi Arabia","Electricity - total solar production","2021","Kilowatt-hours, million","954","1"
"Saudi Arabia","Electricity - total solar production","2020","Kilowatt-hours, million","929","1"
"Saudi Arabia","Electricity - total solar production","2019","Kilowatt-hours, million","469","1"
"Senegal","Electricity - total solar production","2022","Kilowatt-hours, million","594.133",""
"Senegal","Electricity - total solar production","2021","Kilowatt-hours, million","551.973",""
"Senegal","Electricity - total solar production","2020","Kilowatt-hours, million","385.351",""
"Senegal","Electricity - total solar production","2019","Kilowatt-hours, million","328.7",""
"Serbia","Electricity - total solar production","2022","Kilowatt-hours, million","15.856",""
"Serbia","Electricity - total solar production","2021","Kilowatt-hours, million","13.516",""
"Serbia","Electricity - total solar production","2020","Kilowatt-hours, million","13.261",""
"Serbia","Electricity - total solar production","2019","Kilowatt-hours, million","13.546",""
"Seychelles","Electricity - total solar production","2023","Kilowatt-hours, million","17.17",""
"Seychelles","Electricity - total solar production","2022","Kilowatt-hours, million","16.51",""
"Seychelles","Electricity - total solar production","2021","Kilowatt-hours, million","13.5",""
"Seychelles","Electricity - total solar production","2020","Kilowatt-hours, million","5.7",""
"Seychelles","Electricity - total solar production","2019","Kilowatt-hours, million","4",""
"Sierra Leone","Electricity - total solar production","2023","Kilowatt-hours, million","11","1"
"Sierra Leone","Electricity - total solar production","2022","Kilowatt-hours, million","9","1"
"Sierra Leone","Electricity - total solar production","2021","Kilowatt-hours, million","6.18",""
"Sierra Leone","Electricity - total solar production","2020","Kilowatt-hours, million","6.12",""
"Sierra Leone","Electricity - total solar production","2019","Kilowatt-hours, million","6",""
"Singapore","Electricity - total solar production","2022","Kilowatt-hours, million","1236",""
"Singapore","Electricity - total solar production","2021","Kilowatt-hours, million","735",""
"Singapore","Electricity - total solar production","2020","Kilowatt-hours, million","502",""
"Singapore","Electricity - total solar production","2019","Kilowatt-hours, million","410",""
"Slovakia","Electricity - total solar production","2022","Kilowatt-hours, million","650",""
"Slovakia","Electricity - total solar production","2021","Kilowatt-hours, million","671",""
"Slovakia","Electricity - total solar production","2020","Kilowatt-hours, million","663",""
"Slovakia","Electricity - total solar production","2019","Kilowatt-hours, million","589",""
"Slovenia","Electricity - total solar production","2022","Kilowatt-hours, million","645.587",""
"Slovenia","Electricity - total solar production","2021","Kilowatt-hours, million","453.113",""
"Slovenia","Electricity - total solar production","2020","Kilowatt-hours, million","368.196",""
"Slovenia","Electricity - total solar production","2019","Kilowatt-hours, million","303.039",""
"Solomon Islands","Electricity - total solar production","2023","Kilowatt-hours, million","3.14","1"
"Solomon Islands","Electricity - total solar production","2022","Kilowatt-hours, million","3.13","1"
"Solomon Islands","Electricity - total solar production","2021","Kilowatt-hours, million","3.13",""
"Solomon Islands","Electricity - total solar production","2020","Kilowatt-hours, million","3.23",""
"Solomon Islands","Electricity - total solar production","2019","Kilowatt-hours, million","3.46",""
"Somalia","Electricity - total solar production","2023","Kilowatt-hours, million","65","1"
"Somalia","Electricity - total solar production","2022","Kilowatt-hours, million","60","1"
"Somalia","Electricity - total solar production","2021","Kilowatt-hours, million","36.7",""
"Somalia","Electricity - total solar production","2020","Kilowatt-hours, million","24.2",""
"Somalia","Electricity - total solar production","2019","Kilowatt-hours, million","11.03",""
"South Africa","Electricity - total solar production","2022","Kilowatt-hours, million","6222",""
"South Africa","Electricity - total solar production","2021","Kilowatt-hours, million","6653",""
"South Africa","Electricity - total solar production","2020","Kilowatt-hours, million","5694",""
"South Africa","Electricity - total solar production","2019","Kilowatt-hours, million","4809",""
"South Sudan","Electricity - total solar production","2022","Kilowatt-hours, million","35.336",""
"South Sudan","Electricity - total solar production","2021","Kilowatt-hours, million","16.903",""
"South Sudan","Electricity - total solar production","2020","Kilowatt-hours, million","11.044",""
"South Sudan","Electricity - total solar production","2019","Kilowatt-hours, million","11.044",""
"Spain","Electricity - total solar production","2022","Kilowatt-hours, million","35723",""
"Spain","Electricity - total solar production","2021","Kilowatt-hours, million","27098",""
"Spain","Electricity - total solar production","2020","Kilowatt-hours, million","20667",""
"Spain","Electricity - total solar production","2019","Kilowatt-hours, million","15103",""
"Sri Lanka","Electricity - total solar production","2022","Kilowatt-hours, million","719.943",""
"Sri Lanka","Electricity - total solar production","2021","Kilowatt-hours, million","556.527",""
"Sri Lanka","Electricity - total solar production","2020","Kilowatt-hours, million","220.577",""
"Sri Lanka","Electricity - total solar production","2019","Kilowatt-hours, million","365.6",""
"St. Helena and Depend.","Electricity - total solar production","2023","Kilowatt-hours, million","0.901",""
"St. Helena and Depend.","Electricity - total solar production","2022","Kilowatt-hours, million","0.97",""
"St. Helena and Depend.","Electricity - total solar production","2021","Kilowatt-hours, million","0.992",""
"St. Helena and Depend.","Electricity - total solar production","2020","Kilowatt-hours, million","0.987",""
"St. Helena and Depend.","Electricity - total solar production","2019","Kilowatt-hours, million","0.984",""
"St. Kitts-Nevis","Electricity - total solar production","2023","Kilowatt-hours, million","4.76","1"
"St. Kitts-Nevis","Electricity - total solar production","2022","Kilowatt-hours, million","4.76","1"
"St. Kitts-Nevis","Electricity - total solar production","2021","Kilowatt-hours, million","4.76",""
"St. Kitts-Nevis","Electricity - total solar production","2020","Kilowatt-hours, million","4.76",""
"St. Kitts-Nevis","Electricity - total solar production","2019","Kilowatt-hours, million","3.18",""
"St. Lucia","Electricity - total solar production","2023","Kilowatt-hours, million","7.285",""
"St. Lucia","Electricity - total solar production","2022","Kilowatt-hours, million","7.345",""
"St. Lucia","Electricity - total solar production","2021","Kilowatt-hours, million","6.931",""
"St. Lucia","Electricity - total solar production","2020","Kilowatt-hours, million","7.134",""
"St. Lucia","Electricity - total solar production","2019","Kilowatt-hours, million","7.331",""
"St. Vincent-Grenadines","Electricity - total solar production","2023","Kilowatt-hours, million","4.46","1"
"St. Vincent-Grenadines","Electricity - total solar production","2022","Kilowatt-hours, million","4.45",""
"St. Vincent-Grenadines","Electricity - total solar production","2021","Kilowatt-hours, million","3.78",""
"St. Vincent-Grenadines","Electricity - total solar production","2020","Kilowatt-hours, million","5.255",""
"St. Vincent-Grenadines","Electricity - total solar production","2019","Kilowatt-hours, million","2.562",""
"State of Palestine","Electricity - total solar production","2023","Kilowatt-hours, million","345","1"
"State of Palestine","Electricity - total solar production","2022","Kilowatt-hours, million","342",""
"State of Palestine","Electricity - total solar production","2021","Kilowatt-hours, million","224",""
"State of Palestine","Electricity - total solar production","2020","Kilowatt-hours, million","178",""
"State of Palestine","Electricity - total solar production","2019","Kilowatt-hours, million","120",""
"Sudan","Electricity - total solar production","2022","Kilowatt-hours, million","125.509",""
"Sudan","Electricity - total solar production","2021","Kilowatt-hours, million","27.509",""
"Sudan","Electricity - total solar production","2020","Kilowatt-hours, million","21.547",""
"Sudan","Electricity - total solar production","2019","Kilowatt-hours, million","21.087",""
"Suriname","Electricity - total solar production","2022","Kilowatt-hours, million","24.692",""
"Suriname","Electricity - total solar production","2021","Kilowatt-hours, million","12.6",""
"Suriname","Electricity - total solar production","2020","Kilowatt-hours, million","12.1",""
"Suriname","Electricity - total solar production","2019","Kilowatt-hours, million","9.537",""
"Sweden","Electricity - total solar production","2022","Kilowatt-hours, million","1980",""
"Sweden","Electricity - total solar production","2021","Kilowatt-hours, million","1526",""
"Sweden","Electricity - total solar production","2020","Kilowatt-hours, million","1051",""
"Sweden","Electricity - total solar production","2019","Kilowatt-hours, million","679",""
"Switzerland","Electricity - total solar production","2022","Kilowatt-hours, million","3857.759",""
"Switzerland","Electricity - total solar production","2021","Kilowatt-hours, million","2842.003",""
"Switzerland","Electricity - total solar production","2020","Kilowatt-hours, million","2598.659",""
"Switzerland","Electricity - total solar production","2019","Kilowatt-hours, million","2177.671",""
"Syrian Arab Republic","Electricity - total solar production","2022","Kilowatt-hours, million","102.08",""
"Syrian Arab Republic","Electricity - total solar production","2021","Kilowatt-hours, million","58.08",""
"Syrian Arab Republic","Electricity - total solar production","2020","Kilowatt-hours, million","20.279",""
"Syrian Arab Republic","Electricity - total solar production","2019","Kilowatt-hours, million","4.342",""
"Thailand","Electricity - total solar production","2023","Kilowatt-hours, million","5141",""
"Thailand","Electricity - total solar production","2022","Kilowatt-hours, million","5026",""
"Thailand","Electricity - total solar production","2021","Kilowatt-hours, million","4641.13",""
"Thailand","Electricity - total solar production","2020","Kilowatt-hours, million","4636.09",""
"Thailand","Electricity - total solar production","2019","Kilowatt-hours, million","5145.9",""
"Timor-Leste","Electricity - total solar production","2023","Kilowatt-hours, million","0.638","1"
"Timor-Leste","Electricity - total solar production","2022","Kilowatt-hours, million","0.613","1"
"Timor-Leste","Electricity - total solar production","2021","Kilowatt-hours, million","0.551",""
"Timor-Leste","Electricity - total solar production","2020","Kilowatt-hours, million","0.558",""
"Timor-Leste","Electricity - total solar production","2019","Kilowatt-hours, million","0.926",""
"Togo","Electricity - total solar production","2022","Kilowatt-hours, million","90.68",""
"Togo","Electricity - total solar production","2021","Kilowatt-hours, million","50.99",""
"Togo","Electricity - total solar production","2020","Kilowatt-hours, million","7.662",""
"Togo","Electricity - total solar production","2019","Kilowatt-hours, million","5.828",""
"Tonga","Electricity - total solar production","2023","Kilowatt-hours, million","5.7","1"
"Tonga","Electricity - total solar production","2022","Kilowatt-hours, million","5.569",""
"Tonga","Electricity - total solar production","2021","Kilowatt-hours, million","6.311",""
"Tonga","Electricity - total solar production","2020","Kilowatt-hours, million","6.743",""
"Tonga","Electricity - total solar production","2019","Kilowatt-hours, million","6.2",""
"Trinidad and Tobago","Electricity - total solar production","2022","Kilowatt-hours, million","6","1"
"Trinidad and Tobago","Electricity - total solar production","2021","Kilowatt-hours, million","5.555",""
"Trinidad and Tobago","Electricity - total solar production","2020","Kilowatt-hours, million","4.671",""
"Trinidad and Tobago","Electricity - total solar production","2019","Kilowatt-hours, million","4.671",""
"Tunisia","Electricity - total solar production","2022","Kilowatt-hours, million","319.19",""
"Tunisia","Electricity - total solar production","2021","Kilowatt-hours, million","215.3",""
"Tunisia","Electricity - total solar production","2020","Kilowatt-hours, million","149.6",""
"Tunisia","Electricity - total solar production","2019","Kilowatt-hours, million","119.15",""
"Türkiye","Electricity - total solar production","2022","Kilowatt-hours, million","16887.571",""
"Türkiye","Electricity - total solar production","2021","Kilowatt-hours, million","13942.86",""
"Türkiye","Electricity - total solar production","2020","Kilowatt-hours, million","10950.18",""
"Türkiye","Electricity - total solar production","2019","Kilowatt-hours, million","9249.828",""
"Turks and Caicos Islands","Electricity - total solar production","2023","Kilowatt-hours, million","4.15","1"
"Turks and Caicos Islands","Electricity - total solar production","2022","Kilowatt-hours, million","4.08","1"
"Turks and Caicos Islands","Electricity - total solar production","2021","Kilowatt-hours, million","3.96",""
"Turks and Caicos Islands","Electricity - total solar production","2020","Kilowatt-hours, million","1.466",""
"Turks and Caicos Islands","Electricity - total solar production","2019","Kilowatt-hours, million","1.466",""
"Tuvalu","Electricity - total solar production","2023","Kilowatt-hours, million","2","1"
"Tuvalu","Electricity - total solar production","2022","Kilowatt-hours, million","1.6","1"
"Tuvalu","Electricity - total solar production","2021","Kilowatt-hours, million","1.53",""
"Tuvalu","Electricity - total solar production","2020","Kilowatt-hours, million","1.53",""
"Tuvalu","Electricity - total solar production","2019","Kilowatt-hours, million","1.984",""
"Uganda","Electricity - total solar production","2023","Kilowatt-hours, million","97","1"
"Uganda","Electricity - total solar production","2022","Kilowatt-hours, million","99.328",""
"Uganda","Electricity - total solar production","2021","Kilowatt-hours, million","100.739",""
"Uganda","Electricity - total solar production","2020","Kilowatt-hours, million","117.6",""
"Uganda","Electricity - total solar production","2019","Kilowatt-hours, million","78.1",""
"Ukraine","Electricity - total solar production","2022","Kilowatt-hours, million","4201.363",""
"Ukraine","Electricity - total solar production","2021","Kilowatt-hours, million","6564.63",""
"Ukraine","Electricity - total solar production","2020","Kilowatt-hours, million","5969.4",""
"Ukraine","Electricity - total solar production","2019","Kilowatt-hours, million","2932.8",""
"United Arab Emirates","Electricity - total solar production","2022","Kilowatt-hours, million","7743",""
"United Arab Emirates","Electricity - total solar production","2021","Kilowatt-hours, million","5751.7",""
"United Arab Emirates","Electricity - total solar production","2020","Kilowatt-hours, million","5475.3",""
"United Arab Emirates","Electricity - total solar production","2019","Kilowatt-hours, million","3779.8",""
"United Kingdom","Electricity - total solar production","2022","Kilowatt-hours, million","13282.906",""
"United Kingdom","Electricity - total solar production","2021","Kilowatt-hours, million","12075.493",""
"United Kingdom","Electricity - total solar production","2020","Kilowatt-hours, million","12503.987",""
"United Kingdom","Electricity - total solar production","2019","Kilowatt-hours, million","12418.06",""
"United Rep. of Tanzania","Electricity - total solar production","2022","Kilowatt-hours, million","30.569",""
"United Rep. of Tanzania","Electricity - total solar production","2021","Kilowatt-hours, million","30.569",""
"United Rep. of Tanzania","Electricity - total solar production","2020","Kilowatt-hours, million","30.569",""
"United Rep. of Tanzania","Electricity - total solar production","2019","Kilowatt-hours, million","27.41",""
"United States","Electricity - total solar production","2022","Kilowatt-hours, million","187071.368",""
"United States","Electricity - total solar production","2021","Kilowatt-hours, million","151323.524",""
"United States","Electricity - total solar production","2020","Kilowatt-hours, million","119328.543",""
"United States","Electricity - total solar production","2019","Kilowatt-hours, million","97478.316",""
"United States Virgin Is.","Electricity - total solar production","2023","Kilowatt-hours, million","34.6","1"
"United States Virgin Is.","Electricity - total solar production","2022","Kilowatt-hours, million","34.57",""
"United States Virgin Is.","Electricity - total solar production","2021","Kilowatt-hours, million","34.18","1"
"United States Virgin Is.","Electricity - total solar production","2020","Kilowatt-hours, million","31.59","1"
"United States Virgin Is.","Electricity - total solar production","2019","Kilowatt-hours, million","31.59","1"
"Uruguay","Electricity - total solar production","2023","Kilowatt-hours, million","492",""
"Uruguay","Electricity - total solar production","2022","Kilowatt-hours, million","503",""
"Uruguay","Electricity - total solar production","2021","Kilowatt-hours, million","483.3",""
"Uruguay","Electricity - total solar production","2020","Kilowatt-hours, million","462",""
"Uruguay","Electricity - total solar production","2019","Kilowatt-hours, million","423.5",""
"Uzbekistan","Electricity - total solar production","2023","Kilowatt-hours, million","1237.3",""
"Uzbekistan","Electricity - total solar production","2022","Kilowatt-hours, million","435.83",""
"Uzbekistan","Electricity - total solar production","2021","Kilowatt-hours, million","49",""
"Uzbekistan","Electricity - total solar production","2020","Kilowatt-hours, million","0.3",""
"Uzbekistan","Electricity - total solar production","2019","Kilowatt-hours, million","0.09",""
"Vanuatu","Electricity - total solar production","2023","Kilowatt-hours, million","3.1","1"
"Vanuatu","Electricity - total solar production","2022","Kilowatt-hours, million","2.72",""
"Vanuatu","Electricity - total solar production","2021","Kilowatt-hours, million","3.08",""
"Vanuatu","Electricity - total solar production","2020","Kilowatt-hours, million","3.3",""
"Vanuatu","Electricity - total solar production","2019","Kilowatt-hours, million","3.46",""
"Venezuela (Bolivar. Rep.)","Electricity - total solar production","2022","Kilowatt-hours, million","5.552",""
"Venezuela (Bolivar. Rep.)","Electricity - total solar production","2021","Kilowatt-hours, million","5.552",""
"Venezuela (Bolivar. Rep.)","Electricity - total solar production","2020","Kilowatt-hours, million","5.72",""
"Venezuela (Bolivar. Rep.)","Electricity - total solar production","2019","Kilowatt-hours, million","5.72",""
"Viet Nam","Electricity - total solar production","2022","Kilowatt-hours, million","26413.664438",""
"Viet Nam","Electricity - total solar production","2021","Kilowatt-hours, million","27791",""
"Viet Nam","Electricity - total solar production","2020","Kilowatt-hours, million","9434",""
"Viet Nam","Electricity - total solar production","2019","Kilowatt-hours, million","4993",""
"Wallis and Futuna Is.","Electricity - total solar production","2023","Kilowatt-hours, million","1.89","1"
"Wallis and Futuna Is.","Electricity - total solar production","2022","Kilowatt-hours, million","0.17","1"
"Wallis and Futuna Is.","Electricity - total solar production","2021","Kilowatt-hours, million","0.17","1"
"Wallis and Futuna Is.","Electricity - total solar production","2020","Kilowatt-hours, million","0.16","1"
"Wallis and Futuna Is.","Electricity - total solar production","2019","Kilowatt-hours, million","0.16","1"
"Yemen","Electricity - total solar production","2022","Kilowatt-hours, million","501.589",""
"Yemen","Electricity - total solar production","2021","Kilowatt-hours, million","490.086",""
"Yemen","Electricity - total solar production","2020","Kilowatt-hours, million","490",""
"Yemen","Electricity - total solar production","2019","Kilowatt-hours, million","484",""
"Zambia","Electricity - total solar production","2023","Kilowatt-hours, million","147.29",""
"Zambia","Electricity - total solar production","2022","Kilowatt-hours, million","143.108",""
"Zambia","Electricity - total solar production","2021","Kilowatt-hours, million","147.661",""
"Zambia","Electricity - total solar production","2020","Kilowatt-hours, million","150.156",""
"Zambia","Electricity - total solar production","2019","Kilowatt-hours, million","117.51",""
"Zimbabwe","Electricity - total solar production","2022","Kilowatt-hours, million","15.52",""
"Zimbabwe","Electricity - total solar production","2021","Kilowatt-hours, million","18.131",""
"Zimbabwe","Electricity - total solar production","2020","Kilowatt-hours, million","24.4",""

"fnSeqID","Footnote"
"1","Estimate"
